"","Observations","Posterior","Candidate"
"1",100,0,"HRNJAK Ethan"
"2",100,0,"MAWSON Greg"
"3",100,0.236,"REGAN Michael"
"4",100,0,"SORENSEN Susan"
"5",100,0.764,"WILLIAMS Toby"
"6",100,0,"WRIGHT Sue"
"7",200,0,"HRNJAK Ethan"
"8",200,0,"MAWSON Greg"
"9",200,0.446,"REGAN Michael"
"10",200,0,"SORENSEN Susan"
"11",200,0.554,"WILLIAMS Toby"
"12",200,0,"WRIGHT Sue"
"13",300,0,"HRNJAK Ethan"
"14",300,0,"MAWSON Greg"
"15",300,0.838,"REGAN Michael"
"16",300,0,"SORENSEN Susan"
"17",300,0.162,"WILLIAMS Toby"
"18",300,0,"WRIGHT Sue"
"19",400,0,"HRNJAK Ethan"
"20",400,0,"MAWSON Greg"
"21",400,0.93,"REGAN Michael"
"22",400,0,"SORENSEN Susan"
"23",400,0.07,"WILLIAMS Toby"
"24",400,0,"WRIGHT Sue"
"25",500,0,"HRNJAK Ethan"
"26",500,0,"MAWSON Greg"
"27",500,0.956,"REGAN Michael"
"28",500,0,"SORENSEN Susan"
"29",500,0.044,"WILLIAMS Toby"
"30",500,0,"WRIGHT Sue"
"31",600,0,"HRNJAK Ethan"
"32",600,0,"MAWSON Greg"
"33",600,0.896,"REGAN Michael"
"34",600,0,"SORENSEN Susan"
"35",600,0.104,"WILLIAMS Toby"
"36",600,0,"WRIGHT Sue"
"37",700,0,"HRNJAK Ethan"
"38",700,0,"MAWSON Greg"
"39",700,0.98,"REGAN Michael"
"40",700,0,"SORENSEN Susan"
"41",700,0.02,"WILLIAMS Toby"
"42",700,0,"WRIGHT Sue"
"43",800,0,"HRNJAK Ethan"
"44",800,0,"MAWSON Greg"
"45",800,0.996,"REGAN Michael"
"46",800,0,"SORENSEN Susan"
"47",800,0.004,"WILLIAMS Toby"
"48",800,0,"WRIGHT Sue"
"49",900,0,"HRNJAK Ethan"
"50",900,0,"MAWSON Greg"
"51",900,0.994,"REGAN Michael"
"52",900,0,"SORENSEN Susan"
"53",900,0.006,"WILLIAMS Toby"
"54",900,0,"WRIGHT Sue"
"55",1000,0,"HRNJAK Ethan"
"56",1000,0,"MAWSON Greg"
"57",1000,0.996,"REGAN Michael"
"58",1000,0,"SORENSEN Susan"
"59",1000,0.004,"WILLIAMS Toby"
"60",1000,0,"WRIGHT Sue"
"61",1100,0,"HRNJAK Ethan"
"62",1100,0,"MAWSON Greg"
"63",1100,0.988,"REGAN Michael"
"64",1100,0,"SORENSEN Susan"
"65",1100,0.012,"WILLIAMS Toby"
"66",1100,0,"WRIGHT Sue"
"67",1200,0,"HRNJAK Ethan"
"68",1200,0,"MAWSON Greg"
"69",1200,0.986,"REGAN Michael"
"70",1200,0,"SORENSEN Susan"
"71",1200,0.014,"WILLIAMS Toby"
"72",1200,0,"WRIGHT Sue"
"73",1300,0,"HRNJAK Ethan"
"74",1300,0,"MAWSON Greg"
"75",1300,0.996,"REGAN Michael"
"76",1300,0,"SORENSEN Susan"
"77",1300,0.004,"WILLIAMS Toby"
"78",1300,0,"WRIGHT Sue"
"79",1400,0,"HRNJAK Ethan"
"80",1400,0,"MAWSON Greg"
"81",1400,0.984,"REGAN Michael"
"82",1400,0,"SORENSEN Susan"
"83",1400,0.016,"WILLIAMS Toby"
"84",1400,0,"WRIGHT Sue"
"85",1500,0,"HRNJAK Ethan"
"86",1500,0,"MAWSON Greg"
"87",1500,0.972,"REGAN Michael"
"88",1500,0,"SORENSEN Susan"
"89",1500,0.028,"WILLIAMS Toby"
"90",1500,0,"WRIGHT Sue"
"91",1600,0,"HRNJAK Ethan"
"92",1600,0,"MAWSON Greg"
"93",1600,0.984,"REGAN Michael"
"94",1600,0,"SORENSEN Susan"
"95",1600,0.016,"WILLIAMS Toby"
"96",1600,0,"WRIGHT Sue"
"97",1700,0,"HRNJAK Ethan"
"98",1700,0,"MAWSON Greg"
"99",1700,0.992,"REGAN Michael"
"100",1700,0,"SORENSEN Susan"
"101",1700,0.008,"WILLIAMS Toby"
"102",1700,0,"WRIGHT Sue"
"103",1800,0,"HRNJAK Ethan"
"104",1800,0,"MAWSON Greg"
"105",1800,0.996,"REGAN Michael"
"106",1800,0,"SORENSEN Susan"
"107",1800,0.004,"WILLIAMS Toby"
"108",1800,0,"WRIGHT Sue"
"109",1900,0,"HRNJAK Ethan"
"110",1900,0,"MAWSON Greg"
"111",1900,1,"REGAN Michael"
"112",1900,0,"SORENSEN Susan"
"113",1900,0,"WILLIAMS Toby"
"114",1900,0,"WRIGHT Sue"
"115",2000,0,"HRNJAK Ethan"
"116",2000,0,"MAWSON Greg"
"117",2000,1,"REGAN Michael"
"118",2000,0,"SORENSEN Susan"
"119",2000,0,"WILLIAMS Toby"
"120",2000,0,"WRIGHT Sue"
"121",2100,0,"HRNJAK Ethan"
"122",2100,0,"MAWSON Greg"
"123",2100,1,"REGAN Michael"
"124",2100,0,"SORENSEN Susan"
"125",2100,0,"WILLIAMS Toby"
"126",2100,0,"WRIGHT Sue"
"127",2200,0,"HRNJAK Ethan"
"128",2200,0,"MAWSON Greg"
"129",2200,1,"REGAN Michael"
"130",2200,0,"SORENSEN Susan"
"131",2200,0,"WILLIAMS Toby"
"132",2200,0,"WRIGHT Sue"
"133",2300,0,"HRNJAK Ethan"
"134",2300,0,"MAWSON Greg"
"135",2300,1,"REGAN Michael"
"136",2300,0,"SORENSEN Susan"
"137",2300,0,"WILLIAMS Toby"
"138",2300,0,"WRIGHT Sue"
"139",2400,0,"HRNJAK Ethan"
"140",2400,0,"MAWSON Greg"
"141",2400,0.998,"REGAN Michael"
"142",2400,0,"SORENSEN Susan"
"143",2400,0.002,"WILLIAMS Toby"
"144",2400,0,"WRIGHT Sue"
"145",2500,0,"HRNJAK Ethan"
"146",2500,0,"MAWSON Greg"
"147",2500,1,"REGAN Michael"
"148",2500,0,"SORENSEN Susan"
"149",2500,0,"WILLIAMS Toby"
"150",2500,0,"WRIGHT Sue"
"151",2600,0,"HRNJAK Ethan"
"152",2600,0,"MAWSON Greg"
"153",2600,1,"REGAN Michael"
"154",2600,0,"SORENSEN Susan"
"155",2600,0,"WILLIAMS Toby"
"156",2600,0,"WRIGHT Sue"
"157",2700,0,"HRNJAK Ethan"
"158",2700,0,"MAWSON Greg"
"159",2700,1,"REGAN Michael"
"160",2700,0,"SORENSEN Susan"
"161",2700,0,"WILLIAMS Toby"
"162",2700,0,"WRIGHT Sue"
"163",2800,0,"HRNJAK Ethan"
"164",2800,0,"MAWSON Greg"
"165",2800,1,"REGAN Michael"
"166",2800,0,"SORENSEN Susan"
"167",2800,0,"WILLIAMS Toby"
"168",2800,0,"WRIGHT Sue"
"169",2900,0,"HRNJAK Ethan"
"170",2900,0,"MAWSON Greg"
"171",2900,1,"REGAN Michael"
"172",2900,0,"SORENSEN Susan"
"173",2900,0,"WILLIAMS Toby"
"174",2900,0,"WRIGHT Sue"
"175",3000,0,"HRNJAK Ethan"
"176",3000,0,"MAWSON Greg"
"177",3000,1,"REGAN Michael"
"178",3000,0,"SORENSEN Susan"
"179",3000,0,"WILLIAMS Toby"
"180",3000,0,"WRIGHT Sue"
"181",3100,0,"HRNJAK Ethan"
"182",3100,0,"MAWSON Greg"
"183",3100,1,"REGAN Michael"
"184",3100,0,"SORENSEN Susan"
"185",3100,0,"WILLIAMS Toby"
"186",3100,0,"WRIGHT Sue"
"187",3200,0,"HRNJAK Ethan"
"188",3200,0,"MAWSON Greg"
"189",3200,1,"REGAN Michael"
"190",3200,0,"SORENSEN Susan"
"191",3200,0,"WILLIAMS Toby"
"192",3200,0,"WRIGHT Sue"
"193",3300,0,"HRNJAK Ethan"
"194",3300,0,"MAWSON Greg"
"195",3300,1,"REGAN Michael"
"196",3300,0,"SORENSEN Susan"
"197",3300,0,"WILLIAMS Toby"
"198",3300,0,"WRIGHT Sue"
"199",3400,0,"HRNJAK Ethan"
"200",3400,0,"MAWSON Greg"
"201",3400,1,"REGAN Michael"
"202",3400,0,"SORENSEN Susan"
"203",3400,0,"WILLIAMS Toby"
"204",3400,0,"WRIGHT Sue"
"205",3500,0,"HRNJAK Ethan"
"206",3500,0,"MAWSON Greg"
"207",3500,1,"REGAN Michael"
"208",3500,0,"SORENSEN Susan"
"209",3500,0,"WILLIAMS Toby"
"210",3500,0,"WRIGHT Sue"
"211",3600,0,"HRNJAK Ethan"
"212",3600,0,"MAWSON Greg"
"213",3600,1,"REGAN Michael"
"214",3600,0,"SORENSEN Susan"
"215",3600,0,"WILLIAMS Toby"
"216",3600,0,"WRIGHT Sue"
"217",3700,0,"HRNJAK Ethan"
"218",3700,0,"MAWSON Greg"
"219",3700,1,"REGAN Michael"
"220",3700,0,"SORENSEN Susan"
"221",3700,0,"WILLIAMS Toby"
"222",3700,0,"WRIGHT Sue"
"223",3800,0,"HRNJAK Ethan"
"224",3800,0,"MAWSON Greg"
"225",3800,1,"REGAN Michael"
"226",3800,0,"SORENSEN Susan"
"227",3800,0,"WILLIAMS Toby"
"228",3800,0,"WRIGHT Sue"
"229",3900,0,"HRNJAK Ethan"
"230",3900,0,"MAWSON Greg"
"231",3900,1,"REGAN Michael"
"232",3900,0,"SORENSEN Susan"
"233",3900,0,"WILLIAMS Toby"
"234",3900,0,"WRIGHT Sue"
"235",4000,0,"HRNJAK Ethan"
"236",4000,0,"MAWSON Greg"
"237",4000,1,"REGAN Michael"
"238",4000,0,"SORENSEN Susan"
"239",4000,0,"WILLIAMS Toby"
"240",4000,0,"WRIGHT Sue"
"241",4100,0,"HRNJAK Ethan"
"242",4100,0,"MAWSON Greg"
"243",4100,1,"REGAN Michael"
"244",4100,0,"SORENSEN Susan"
"245",4100,0,"WILLIAMS Toby"
"246",4100,0,"WRIGHT Sue"
"247",4200,0,"HRNJAK Ethan"
"248",4200,0,"MAWSON Greg"
"249",4200,1,"REGAN Michael"
"250",4200,0,"SORENSEN Susan"
"251",4200,0,"WILLIAMS Toby"
"252",4200,0,"WRIGHT Sue"
"253",4300,0,"HRNJAK Ethan"
"254",4300,0,"MAWSON Greg"
"255",4300,1,"REGAN Michael"
"256",4300,0,"SORENSEN Susan"
"257",4300,0,"WILLIAMS Toby"
"258",4300,0,"WRIGHT Sue"
"259",4400,0,"HRNJAK Ethan"
"260",4400,0,"MAWSON Greg"
"261",4400,1,"REGAN Michael"
"262",4400,0,"SORENSEN Susan"
"263",4400,0,"WILLIAMS Toby"
"264",4400,0,"WRIGHT Sue"
"265",4500,0,"HRNJAK Ethan"
"266",4500,0,"MAWSON Greg"
"267",4500,1,"REGAN Michael"
"268",4500,0,"SORENSEN Susan"
"269",4500,0,"WILLIAMS Toby"
"270",4500,0,"WRIGHT Sue"
"271",4600,0,"HRNJAK Ethan"
"272",4600,0,"MAWSON Greg"
"273",4600,1,"REGAN Michael"
"274",4600,0,"SORENSEN Susan"
"275",4600,0,"WILLIAMS Toby"
"276",4600,0,"WRIGHT Sue"
"277",4700,0,"HRNJAK Ethan"
"278",4700,0,"MAWSON Greg"
"279",4700,1,"REGAN Michael"
"280",4700,0,"SORENSEN Susan"
"281",4700,0,"WILLIAMS Toby"
"282",4700,0,"WRIGHT Sue"
"283",4800,0,"HRNJAK Ethan"
"284",4800,0,"MAWSON Greg"
"285",4800,1,"REGAN Michael"
"286",4800,0,"SORENSEN Susan"
"287",4800,0,"WILLIAMS Toby"
"288",4800,0,"WRIGHT Sue"
"289",4900,0,"HRNJAK Ethan"
"290",4900,0,"MAWSON Greg"
"291",4900,1,"REGAN Michael"
"292",4900,0,"SORENSEN Susan"
"293",4900,0,"WILLIAMS Toby"
"294",4900,0,"WRIGHT Sue"
"295",5000,0,"HRNJAK Ethan"
"296",5000,0,"MAWSON Greg"
"297",5000,1,"REGAN Michael"
"298",5000,0,"SORENSEN Susan"
"299",5000,0,"WILLIAMS Toby"
"300",5000,0,"WRIGHT Sue"
"301",5100,0,"HRNJAK Ethan"
"302",5100,0,"MAWSON Greg"
"303",5100,1,"REGAN Michael"
"304",5100,0,"SORENSEN Susan"
"305",5100,0,"WILLIAMS Toby"
"306",5100,0,"WRIGHT Sue"
"307",5200,0,"HRNJAK Ethan"
"308",5200,0,"MAWSON Greg"
"309",5200,1,"REGAN Michael"
"310",5200,0,"SORENSEN Susan"
"311",5200,0,"WILLIAMS Toby"
"312",5200,0,"WRIGHT Sue"
"313",5300,0,"HRNJAK Ethan"
"314",5300,0,"MAWSON Greg"
"315",5300,1,"REGAN Michael"
"316",5300,0,"SORENSEN Susan"
"317",5300,0,"WILLIAMS Toby"
"318",5300,0,"WRIGHT Sue"
"319",5400,0,"HRNJAK Ethan"
"320",5400,0,"MAWSON Greg"
"321",5400,1,"REGAN Michael"
"322",5400,0,"SORENSEN Susan"
"323",5400,0,"WILLIAMS Toby"
"324",5400,0,"WRIGHT Sue"
"325",5500,0,"HRNJAK Ethan"
"326",5500,0,"MAWSON Greg"
"327",5500,1,"REGAN Michael"
"328",5500,0,"SORENSEN Susan"
"329",5500,0,"WILLIAMS Toby"
"330",5500,0,"WRIGHT Sue"
"331",5600,0,"HRNJAK Ethan"
"332",5600,0,"MAWSON Greg"
"333",5600,1,"REGAN Michael"
"334",5600,0,"SORENSEN Susan"
"335",5600,0,"WILLIAMS Toby"
"336",5600,0,"WRIGHT Sue"
"337",5700,0,"HRNJAK Ethan"
"338",5700,0,"MAWSON Greg"
"339",5700,1,"REGAN Michael"
"340",5700,0,"SORENSEN Susan"
"341",5700,0,"WILLIAMS Toby"
"342",5700,0,"WRIGHT Sue"
"343",5800,0,"HRNJAK Ethan"
"344",5800,0,"MAWSON Greg"
"345",5800,1,"REGAN Michael"
"346",5800,0,"SORENSEN Susan"
"347",5800,0,"WILLIAMS Toby"
"348",5800,0,"WRIGHT Sue"
"349",5900,0,"HRNJAK Ethan"
"350",5900,0,"MAWSON Greg"
"351",5900,1,"REGAN Michael"
"352",5900,0,"SORENSEN Susan"
"353",5900,0,"WILLIAMS Toby"
"354",5900,0,"WRIGHT Sue"
"355",6000,0,"HRNJAK Ethan"
"356",6000,0,"MAWSON Greg"
"357",6000,1,"REGAN Michael"
"358",6000,0,"SORENSEN Susan"
"359",6000,0,"WILLIAMS Toby"
"360",6000,0,"WRIGHT Sue"
"361",6100,0,"HRNJAK Ethan"
"362",6100,0,"MAWSON Greg"
"363",6100,1,"REGAN Michael"
"364",6100,0,"SORENSEN Susan"
"365",6100,0,"WILLIAMS Toby"
"366",6100,0,"WRIGHT Sue"
"367",6200,0,"HRNJAK Ethan"
"368",6200,0,"MAWSON Greg"
"369",6200,1,"REGAN Michael"
"370",6200,0,"SORENSEN Susan"
"371",6200,0,"WILLIAMS Toby"
"372",6200,0,"WRIGHT Sue"
"373",6300,0,"HRNJAK Ethan"
"374",6300,0,"MAWSON Greg"
"375",6300,1,"REGAN Michael"
"376",6300,0,"SORENSEN Susan"
"377",6300,0,"WILLIAMS Toby"
"378",6300,0,"WRIGHT Sue"
"379",6400,0,"HRNJAK Ethan"
"380",6400,0,"MAWSON Greg"
"381",6400,1,"REGAN Michael"
"382",6400,0,"SORENSEN Susan"
"383",6400,0,"WILLIAMS Toby"
"384",6400,0,"WRIGHT Sue"
"385",6500,0,"HRNJAK Ethan"
"386",6500,0,"MAWSON Greg"
"387",6500,1,"REGAN Michael"
"388",6500,0,"SORENSEN Susan"
"389",6500,0,"WILLIAMS Toby"
"390",6500,0,"WRIGHT Sue"
"391",6600,0,"HRNJAK Ethan"
"392",6600,0,"MAWSON Greg"
"393",6600,1,"REGAN Michael"
"394",6600,0,"SORENSEN Susan"
"395",6600,0,"WILLIAMS Toby"
"396",6600,0,"WRIGHT Sue"
"397",6700,0,"HRNJAK Ethan"
"398",6700,0,"MAWSON Greg"
"399",6700,1,"REGAN Michael"
"400",6700,0,"SORENSEN Susan"
"401",6700,0,"WILLIAMS Toby"
"402",6700,0,"WRIGHT Sue"
"403",6800,0,"HRNJAK Ethan"
"404",6800,0,"MAWSON Greg"
"405",6800,1,"REGAN Michael"
"406",6800,0,"SORENSEN Susan"
"407",6800,0,"WILLIAMS Toby"
"408",6800,0,"WRIGHT Sue"
"409",6900,0,"HRNJAK Ethan"
"410",6900,0,"MAWSON Greg"
"411",6900,1,"REGAN Michael"
"412",6900,0,"SORENSEN Susan"
"413",6900,0,"WILLIAMS Toby"
"414",6900,0,"WRIGHT Sue"
"415",7000,0,"HRNJAK Ethan"
"416",7000,0,"MAWSON Greg"
"417",7000,1,"REGAN Michael"
"418",7000,0,"SORENSEN Susan"
"419",7000,0,"WILLIAMS Toby"
"420",7000,0,"WRIGHT Sue"
"421",7100,0,"HRNJAK Ethan"
"422",7100,0,"MAWSON Greg"
"423",7100,1,"REGAN Michael"
"424",7100,0,"SORENSEN Susan"
"425",7100,0,"WILLIAMS Toby"
"426",7100,0,"WRIGHT Sue"
"427",7200,0,"HRNJAK Ethan"
"428",7200,0,"MAWSON Greg"
"429",7200,1,"REGAN Michael"
"430",7200,0,"SORENSEN Susan"
"431",7200,0,"WILLIAMS Toby"
"432",7200,0,"WRIGHT Sue"
"433",7300,0,"HRNJAK Ethan"
"434",7300,0,"MAWSON Greg"
"435",7300,1,"REGAN Michael"
"436",7300,0,"SORENSEN Susan"
"437",7300,0,"WILLIAMS Toby"
"438",7300,0,"WRIGHT Sue"
"439",7400,0,"HRNJAK Ethan"
"440",7400,0,"MAWSON Greg"
"441",7400,1,"REGAN Michael"
"442",7400,0,"SORENSEN Susan"
"443",7400,0,"WILLIAMS Toby"
"444",7400,0,"WRIGHT Sue"
"445",7500,0,"HRNJAK Ethan"
"446",7500,0,"MAWSON Greg"
"447",7500,1,"REGAN Michael"
"448",7500,0,"SORENSEN Susan"
"449",7500,0,"WILLIAMS Toby"
"450",7500,0,"WRIGHT Sue"
"451",7600,0,"HRNJAK Ethan"
"452",7600,0,"MAWSON Greg"
"453",7600,1,"REGAN Michael"
"454",7600,0,"SORENSEN Susan"
"455",7600,0,"WILLIAMS Toby"
"456",7600,0,"WRIGHT Sue"
"457",7700,0,"HRNJAK Ethan"
"458",7700,0,"MAWSON Greg"
"459",7700,1,"REGAN Michael"
"460",7700,0,"SORENSEN Susan"
"461",7700,0,"WILLIAMS Toby"
"462",7700,0,"WRIGHT Sue"
"463",7800,0,"HRNJAK Ethan"
"464",7800,0,"MAWSON Greg"
"465",7800,1,"REGAN Michael"
"466",7800,0,"SORENSEN Susan"
"467",7800,0,"WILLIAMS Toby"
"468",7800,0,"WRIGHT Sue"
"469",7900,0,"HRNJAK Ethan"
"470",7900,0,"MAWSON Greg"
"471",7900,1,"REGAN Michael"
"472",7900,0,"SORENSEN Susan"
"473",7900,0,"WILLIAMS Toby"
"474",7900,0,"WRIGHT Sue"
"475",8000,0,"HRNJAK Ethan"
"476",8000,0,"MAWSON Greg"
"477",8000,1,"REGAN Michael"
"478",8000,0,"SORENSEN Susan"
"479",8000,0,"WILLIAMS Toby"
"480",8000,0,"WRIGHT Sue"
"481",8100,0,"HRNJAK Ethan"
"482",8100,0,"MAWSON Greg"
"483",8100,1,"REGAN Michael"
"484",8100,0,"SORENSEN Susan"
"485",8100,0,"WILLIAMS Toby"
"486",8100,0,"WRIGHT Sue"
"487",8200,0,"HRNJAK Ethan"
"488",8200,0,"MAWSON Greg"
"489",8200,1,"REGAN Michael"
"490",8200,0,"SORENSEN Susan"
"491",8200,0,"WILLIAMS Toby"
"492",8200,0,"WRIGHT Sue"
"493",8300,0,"HRNJAK Ethan"
"494",8300,0,"MAWSON Greg"
"495",8300,1,"REGAN Michael"
"496",8300,0,"SORENSEN Susan"
"497",8300,0,"WILLIAMS Toby"
"498",8300,0,"WRIGHT Sue"
"499",8400,0,"HRNJAK Ethan"
"500",8400,0,"MAWSON Greg"
"501",8400,1,"REGAN Michael"
"502",8400,0,"SORENSEN Susan"
"503",8400,0,"WILLIAMS Toby"
"504",8400,0,"WRIGHT Sue"
"505",8500,0,"HRNJAK Ethan"
"506",8500,0,"MAWSON Greg"
"507",8500,1,"REGAN Michael"
"508",8500,0,"SORENSEN Susan"
"509",8500,0,"WILLIAMS Toby"
"510",8500,0,"WRIGHT Sue"
"511",8600,0,"HRNJAK Ethan"
"512",8600,0,"MAWSON Greg"
"513",8600,1,"REGAN Michael"
"514",8600,0,"SORENSEN Susan"
"515",8600,0,"WILLIAMS Toby"
"516",8600,0,"WRIGHT Sue"
"517",8700,0,"HRNJAK Ethan"
"518",8700,0,"MAWSON Greg"
"519",8700,1,"REGAN Michael"
"520",8700,0,"SORENSEN Susan"
"521",8700,0,"WILLIAMS Toby"
"522",8700,0,"WRIGHT Sue"
"523",8800,0,"HRNJAK Ethan"
"524",8800,0,"MAWSON Greg"
"525",8800,1,"REGAN Michael"
"526",8800,0,"SORENSEN Susan"
"527",8800,0,"WILLIAMS Toby"
"528",8800,0,"WRIGHT Sue"
"529",8900,0,"HRNJAK Ethan"
"530",8900,0,"MAWSON Greg"
"531",8900,1,"REGAN Michael"
"532",8900,0,"SORENSEN Susan"
"533",8900,0,"WILLIAMS Toby"
"534",8900,0,"WRIGHT Sue"
"535",9000,0,"HRNJAK Ethan"
"536",9000,0,"MAWSON Greg"
"537",9000,1,"REGAN Michael"
"538",9000,0,"SORENSEN Susan"
"539",9000,0,"WILLIAMS Toby"
"540",9000,0,"WRIGHT Sue"
"541",9100,0,"HRNJAK Ethan"
"542",9100,0,"MAWSON Greg"
"543",9100,1,"REGAN Michael"
"544",9100,0,"SORENSEN Susan"
"545",9100,0,"WILLIAMS Toby"
"546",9100,0,"WRIGHT Sue"
"547",9200,0,"HRNJAK Ethan"
"548",9200,0,"MAWSON Greg"
"549",9200,1,"REGAN Michael"
"550",9200,0,"SORENSEN Susan"
"551",9200,0,"WILLIAMS Toby"
"552",9200,0,"WRIGHT Sue"
"553",9300,0,"HRNJAK Ethan"
"554",9300,0,"MAWSON Greg"
"555",9300,1,"REGAN Michael"
"556",9300,0,"SORENSEN Susan"
"557",9300,0,"WILLIAMS Toby"
"558",9300,0,"WRIGHT Sue"
"559",9400,0,"HRNJAK Ethan"
"560",9400,0,"MAWSON Greg"
"561",9400,1,"REGAN Michael"
"562",9400,0,"SORENSEN Susan"
"563",9400,0,"WILLIAMS Toby"
"564",9400,0,"WRIGHT Sue"
"565",9500,0,"HRNJAK Ethan"
"566",9500,0,"MAWSON Greg"
"567",9500,1,"REGAN Michael"
"568",9500,0,"SORENSEN Susan"
"569",9500,0,"WILLIAMS Toby"
"570",9500,0,"WRIGHT Sue"
"571",9600,0,"HRNJAK Ethan"
"572",9600,0,"MAWSON Greg"
"573",9600,1,"REGAN Michael"
"574",9600,0,"SORENSEN Susan"
"575",9600,0,"WILLIAMS Toby"
"576",9600,0,"WRIGHT Sue"
"577",9700,0,"HRNJAK Ethan"
"578",9700,0,"MAWSON Greg"
"579",9700,1,"REGAN Michael"
"580",9700,0,"SORENSEN Susan"
"581",9700,0,"WILLIAMS Toby"
"582",9700,0,"WRIGHT Sue"
"583",9800,0,"HRNJAK Ethan"
"584",9800,0,"MAWSON Greg"
"585",9800,1,"REGAN Michael"
"586",9800,0,"SORENSEN Susan"
"587",9800,0,"WILLIAMS Toby"
"588",9800,0,"WRIGHT Sue"
"589",9900,0,"HRNJAK Ethan"
"590",9900,0,"MAWSON Greg"
"591",9900,1,"REGAN Michael"
"592",9900,0,"SORENSEN Susan"
"593",9900,0,"WILLIAMS Toby"
"594",9900,0,"WRIGHT Sue"
"595",10000,0,"HRNJAK Ethan"
"596",10000,0,"MAWSON Greg"
"597",10000,1,"REGAN Michael"
"598",10000,0,"SORENSEN Susan"
"599",10000,0,"WILLIAMS Toby"
"600",10000,0,"WRIGHT Sue"
"601",10100,0,"HRNJAK Ethan"
"602",10100,0,"MAWSON Greg"
"603",10100,1,"REGAN Michael"
"604",10100,0,"SORENSEN Susan"
"605",10100,0,"WILLIAMS Toby"
"606",10100,0,"WRIGHT Sue"
"607",10200,0,"HRNJAK Ethan"
"608",10200,0,"MAWSON Greg"
"609",10200,1,"REGAN Michael"
"610",10200,0,"SORENSEN Susan"
"611",10200,0,"WILLIAMS Toby"
"612",10200,0,"WRIGHT Sue"
"613",10300,0,"HRNJAK Ethan"
"614",10300,0,"MAWSON Greg"
"615",10300,1,"REGAN Michael"
"616",10300,0,"SORENSEN Susan"
"617",10300,0,"WILLIAMS Toby"
"618",10300,0,"WRIGHT Sue"
"619",10400,0,"HRNJAK Ethan"
"620",10400,0,"MAWSON Greg"
"621",10400,1,"REGAN Michael"
"622",10400,0,"SORENSEN Susan"
"623",10400,0,"WILLIAMS Toby"
"624",10400,0,"WRIGHT Sue"
"625",10500,0,"HRNJAK Ethan"
"626",10500,0,"MAWSON Greg"
"627",10500,1,"REGAN Michael"
"628",10500,0,"SORENSEN Susan"
"629",10500,0,"WILLIAMS Toby"
"630",10500,0,"WRIGHT Sue"
"631",10600,0,"HRNJAK Ethan"
"632",10600,0,"MAWSON Greg"
"633",10600,1,"REGAN Michael"
"634",10600,0,"SORENSEN Susan"
"635",10600,0,"WILLIAMS Toby"
"636",10600,0,"WRIGHT Sue"
"637",10700,0,"HRNJAK Ethan"
"638",10700,0,"MAWSON Greg"
"639",10700,1,"REGAN Michael"
"640",10700,0,"SORENSEN Susan"
"641",10700,0,"WILLIAMS Toby"
"642",10700,0,"WRIGHT Sue"
"643",10800,0,"HRNJAK Ethan"
"644",10800,0,"MAWSON Greg"
"645",10800,1,"REGAN Michael"
"646",10800,0,"SORENSEN Susan"
"647",10800,0,"WILLIAMS Toby"
"648",10800,0,"WRIGHT Sue"
"649",10900,0,"HRNJAK Ethan"
"650",10900,0,"MAWSON Greg"
"651",10900,1,"REGAN Michael"
"652",10900,0,"SORENSEN Susan"
"653",10900,0,"WILLIAMS Toby"
"654",10900,0,"WRIGHT Sue"
"655",11000,0,"HRNJAK Ethan"
"656",11000,0,"MAWSON Greg"
"657",11000,1,"REGAN Michael"
"658",11000,0,"SORENSEN Susan"
"659",11000,0,"WILLIAMS Toby"
"660",11000,0,"WRIGHT Sue"
"661",11100,0,"HRNJAK Ethan"
"662",11100,0,"MAWSON Greg"
"663",11100,1,"REGAN Michael"
"664",11100,0,"SORENSEN Susan"
"665",11100,0,"WILLIAMS Toby"
"666",11100,0,"WRIGHT Sue"
"667",11200,0,"HRNJAK Ethan"
"668",11200,0,"MAWSON Greg"
"669",11200,1,"REGAN Michael"
"670",11200,0,"SORENSEN Susan"
"671",11200,0,"WILLIAMS Toby"
"672",11200,0,"WRIGHT Sue"
"673",11300,0,"HRNJAK Ethan"
"674",11300,0,"MAWSON Greg"
"675",11300,1,"REGAN Michael"
"676",11300,0,"SORENSEN Susan"
"677",11300,0,"WILLIAMS Toby"
"678",11300,0,"WRIGHT Sue"
"679",11400,0,"HRNJAK Ethan"
"680",11400,0,"MAWSON Greg"
"681",11400,1,"REGAN Michael"
"682",11400,0,"SORENSEN Susan"
"683",11400,0,"WILLIAMS Toby"
"684",11400,0,"WRIGHT Sue"
"685",11500,0,"HRNJAK Ethan"
"686",11500,0,"MAWSON Greg"
"687",11500,1,"REGAN Michael"
"688",11500,0,"SORENSEN Susan"
"689",11500,0,"WILLIAMS Toby"
"690",11500,0,"WRIGHT Sue"
"691",11600,0,"HRNJAK Ethan"
"692",11600,0,"MAWSON Greg"
"693",11600,1,"REGAN Michael"
"694",11600,0,"SORENSEN Susan"
"695",11600,0,"WILLIAMS Toby"
"696",11600,0,"WRIGHT Sue"
"697",11700,0,"HRNJAK Ethan"
"698",11700,0,"MAWSON Greg"
"699",11700,1,"REGAN Michael"
"700",11700,0,"SORENSEN Susan"
"701",11700,0,"WILLIAMS Toby"
"702",11700,0,"WRIGHT Sue"
"703",11800,0,"HRNJAK Ethan"
"704",11800,0,"MAWSON Greg"
"705",11800,1,"REGAN Michael"
"706",11800,0,"SORENSEN Susan"
"707",11800,0,"WILLIAMS Toby"
"708",11800,0,"WRIGHT Sue"
"709",11900,0,"HRNJAK Ethan"
"710",11900,0,"MAWSON Greg"
"711",11900,1,"REGAN Michael"
"712",11900,0,"SORENSEN Susan"
"713",11900,0,"WILLIAMS Toby"
"714",11900,0,"WRIGHT Sue"
"715",12000,0,"HRNJAK Ethan"
"716",12000,0,"MAWSON Greg"
"717",12000,1,"REGAN Michael"
"718",12000,0,"SORENSEN Susan"
"719",12000,0,"WILLIAMS Toby"
"720",12000,0,"WRIGHT Sue"
"721",12100,0,"HRNJAK Ethan"
"722",12100,0,"MAWSON Greg"
"723",12100,1,"REGAN Michael"
"724",12100,0,"SORENSEN Susan"
"725",12100,0,"WILLIAMS Toby"
"726",12100,0,"WRIGHT Sue"
"727",12200,0,"HRNJAK Ethan"
"728",12200,0,"MAWSON Greg"
"729",12200,1,"REGAN Michael"
"730",12200,0,"SORENSEN Susan"
"731",12200,0,"WILLIAMS Toby"
"732",12200,0,"WRIGHT Sue"
"733",12300,0,"HRNJAK Ethan"
"734",12300,0,"MAWSON Greg"
"735",12300,1,"REGAN Michael"
"736",12300,0,"SORENSEN Susan"
"737",12300,0,"WILLIAMS Toby"
"738",12300,0,"WRIGHT Sue"
"739",12400,0,"HRNJAK Ethan"
"740",12400,0,"MAWSON Greg"
"741",12400,1,"REGAN Michael"
"742",12400,0,"SORENSEN Susan"
"743",12400,0,"WILLIAMS Toby"
"744",12400,0,"WRIGHT Sue"
"745",12500,0,"HRNJAK Ethan"
"746",12500,0,"MAWSON Greg"
"747",12500,1,"REGAN Michael"
"748",12500,0,"SORENSEN Susan"
"749",12500,0,"WILLIAMS Toby"
"750",12500,0,"WRIGHT Sue"
"751",12600,0,"HRNJAK Ethan"
"752",12600,0,"MAWSON Greg"
"753",12600,1,"REGAN Michael"
"754",12600,0,"SORENSEN Susan"
"755",12600,0,"WILLIAMS Toby"
"756",12600,0,"WRIGHT Sue"
"757",12700,0,"HRNJAK Ethan"
"758",12700,0,"MAWSON Greg"
"759",12700,1,"REGAN Michael"
"760",12700,0,"SORENSEN Susan"
"761",12700,0,"WILLIAMS Toby"
"762",12700,0,"WRIGHT Sue"
"763",12800,0,"HRNJAK Ethan"
"764",12800,0,"MAWSON Greg"
"765",12800,1,"REGAN Michael"
"766",12800,0,"SORENSEN Susan"
"767",12800,0,"WILLIAMS Toby"
"768",12800,0,"WRIGHT Sue"
"769",12900,0,"HRNJAK Ethan"
"770",12900,0,"MAWSON Greg"
"771",12900,1,"REGAN Michael"
"772",12900,0,"SORENSEN Susan"
"773",12900,0,"WILLIAMS Toby"
"774",12900,0,"WRIGHT Sue"
"775",13000,0,"HRNJAK Ethan"
"776",13000,0,"MAWSON Greg"
"777",13000,1,"REGAN Michael"
"778",13000,0,"SORENSEN Susan"
"779",13000,0,"WILLIAMS Toby"
"780",13000,0,"WRIGHT Sue"
"781",13100,0,"HRNJAK Ethan"
"782",13100,0,"MAWSON Greg"
"783",13100,1,"REGAN Michael"
"784",13100,0,"SORENSEN Susan"
"785",13100,0,"WILLIAMS Toby"
"786",13100,0,"WRIGHT Sue"
"787",13200,0,"HRNJAK Ethan"
"788",13200,0,"MAWSON Greg"
"789",13200,1,"REGAN Michael"
"790",13200,0,"SORENSEN Susan"
"791",13200,0,"WILLIAMS Toby"
"792",13200,0,"WRIGHT Sue"
"793",13300,0,"HRNJAK Ethan"
"794",13300,0,"MAWSON Greg"
"795",13300,1,"REGAN Michael"
"796",13300,0,"SORENSEN Susan"
"797",13300,0,"WILLIAMS Toby"
"798",13300,0,"WRIGHT Sue"
"799",13400,0,"HRNJAK Ethan"
"800",13400,0,"MAWSON Greg"
"801",13400,1,"REGAN Michael"
"802",13400,0,"SORENSEN Susan"
"803",13400,0,"WILLIAMS Toby"
"804",13400,0,"WRIGHT Sue"
"805",13500,0,"HRNJAK Ethan"
"806",13500,0,"MAWSON Greg"
"807",13500,1,"REGAN Michael"
"808",13500,0,"SORENSEN Susan"
"809",13500,0,"WILLIAMS Toby"
"810",13500,0,"WRIGHT Sue"
"811",13600,0,"HRNJAK Ethan"
"812",13600,0,"MAWSON Greg"
"813",13600,1,"REGAN Michael"
"814",13600,0,"SORENSEN Susan"
"815",13600,0,"WILLIAMS Toby"
"816",13600,0,"WRIGHT Sue"
"817",13700,0,"HRNJAK Ethan"
"818",13700,0,"MAWSON Greg"
"819",13700,1,"REGAN Michael"
"820",13700,0,"SORENSEN Susan"
"821",13700,0,"WILLIAMS Toby"
"822",13700,0,"WRIGHT Sue"
"823",13800,0,"HRNJAK Ethan"
"824",13800,0,"MAWSON Greg"
"825",13800,1,"REGAN Michael"
"826",13800,0,"SORENSEN Susan"
"827",13800,0,"WILLIAMS Toby"
"828",13800,0,"WRIGHT Sue"
"829",13900,0,"HRNJAK Ethan"
"830",13900,0,"MAWSON Greg"
"831",13900,1,"REGAN Michael"
"832",13900,0,"SORENSEN Susan"
"833",13900,0,"WILLIAMS Toby"
"834",13900,0,"WRIGHT Sue"
"835",14000,0,"HRNJAK Ethan"
"836",14000,0,"MAWSON Greg"
"837",14000,1,"REGAN Michael"
"838",14000,0,"SORENSEN Susan"
"839",14000,0,"WILLIAMS Toby"
"840",14000,0,"WRIGHT Sue"
"841",14100,0,"HRNJAK Ethan"
"842",14100,0,"MAWSON Greg"
"843",14100,1,"REGAN Michael"
"844",14100,0,"SORENSEN Susan"
"845",14100,0,"WILLIAMS Toby"
"846",14100,0,"WRIGHT Sue"
"847",14200,0,"HRNJAK Ethan"
"848",14200,0,"MAWSON Greg"
"849",14200,1,"REGAN Michael"
"850",14200,0,"SORENSEN Susan"
"851",14200,0,"WILLIAMS Toby"
"852",14200,0,"WRIGHT Sue"
"853",14300,0,"HRNJAK Ethan"
"854",14300,0,"MAWSON Greg"
"855",14300,1,"REGAN Michael"
"856",14300,0,"SORENSEN Susan"
"857",14300,0,"WILLIAMS Toby"
"858",14300,0,"WRIGHT Sue"
"859",14400,0,"HRNJAK Ethan"
"860",14400,0,"MAWSON Greg"
"861",14400,1,"REGAN Michael"
"862",14400,0,"SORENSEN Susan"
"863",14400,0,"WILLIAMS Toby"
"864",14400,0,"WRIGHT Sue"
"865",14500,0,"HRNJAK Ethan"
"866",14500,0,"MAWSON Greg"
"867",14500,1,"REGAN Michael"
"868",14500,0,"SORENSEN Susan"
"869",14500,0,"WILLIAMS Toby"
"870",14500,0,"WRIGHT Sue"
"871",14600,0,"HRNJAK Ethan"
"872",14600,0,"MAWSON Greg"
"873",14600,1,"REGAN Michael"
"874",14600,0,"SORENSEN Susan"
"875",14600,0,"WILLIAMS Toby"
"876",14600,0,"WRIGHT Sue"
"877",14700,0,"HRNJAK Ethan"
"878",14700,0,"MAWSON Greg"
"879",14700,1,"REGAN Michael"
"880",14700,0,"SORENSEN Susan"
"881",14700,0,"WILLIAMS Toby"
"882",14700,0,"WRIGHT Sue"
"883",14800,0,"HRNJAK Ethan"
"884",14800,0,"MAWSON Greg"
"885",14800,1,"REGAN Michael"
"886",14800,0,"SORENSEN Susan"
"887",14800,0,"WILLIAMS Toby"
"888",14800,0,"WRIGHT Sue"
"889",14900,0,"HRNJAK Ethan"
"890",14900,0,"MAWSON Greg"
"891",14900,1,"REGAN Michael"
"892",14900,0,"SORENSEN Susan"
"893",14900,0,"WILLIAMS Toby"
"894",14900,0,"WRIGHT Sue"
"895",15000,0,"HRNJAK Ethan"
"896",15000,0,"MAWSON Greg"
"897",15000,1,"REGAN Michael"
"898",15000,0,"SORENSEN Susan"
"899",15000,0,"WILLIAMS Toby"
"900",15000,0,"WRIGHT Sue"
"901",15100,0,"HRNJAK Ethan"
"902",15100,0,"MAWSON Greg"
"903",15100,1,"REGAN Michael"
"904",15100,0,"SORENSEN Susan"
"905",15100,0,"WILLIAMS Toby"
"906",15100,0,"WRIGHT Sue"
"907",15200,0,"HRNJAK Ethan"
"908",15200,0,"MAWSON Greg"
"909",15200,1,"REGAN Michael"
"910",15200,0,"SORENSEN Susan"
"911",15200,0,"WILLIAMS Toby"
"912",15200,0,"WRIGHT Sue"
"913",15300,0,"HRNJAK Ethan"
"914",15300,0,"MAWSON Greg"
"915",15300,1,"REGAN Michael"
"916",15300,0,"SORENSEN Susan"
"917",15300,0,"WILLIAMS Toby"
"918",15300,0,"WRIGHT Sue"
"919",15400,0,"HRNJAK Ethan"
"920",15400,0,"MAWSON Greg"
"921",15400,1,"REGAN Michael"
"922",15400,0,"SORENSEN Susan"
"923",15400,0,"WILLIAMS Toby"
"924",15400,0,"WRIGHT Sue"
"925",15500,0,"HRNJAK Ethan"
"926",15500,0,"MAWSON Greg"
"927",15500,1,"REGAN Michael"
"928",15500,0,"SORENSEN Susan"
"929",15500,0,"WILLIAMS Toby"
"930",15500,0,"WRIGHT Sue"
"931",15600,0,"HRNJAK Ethan"
"932",15600,0,"MAWSON Greg"
"933",15600,1,"REGAN Michael"
"934",15600,0,"SORENSEN Susan"
"935",15600,0,"WILLIAMS Toby"
"936",15600,0,"WRIGHT Sue"
"937",15700,0,"HRNJAK Ethan"
"938",15700,0,"MAWSON Greg"
"939",15700,1,"REGAN Michael"
"940",15700,0,"SORENSEN Susan"
"941",15700,0,"WILLIAMS Toby"
"942",15700,0,"WRIGHT Sue"
"943",15800,0,"HRNJAK Ethan"
"944",15800,0,"MAWSON Greg"
"945",15800,1,"REGAN Michael"
"946",15800,0,"SORENSEN Susan"
"947",15800,0,"WILLIAMS Toby"
"948",15800,0,"WRIGHT Sue"
"949",15900,0,"HRNJAK Ethan"
"950",15900,0,"MAWSON Greg"
"951",15900,1,"REGAN Michael"
"952",15900,0,"SORENSEN Susan"
"953",15900,0,"WILLIAMS Toby"
"954",15900,0,"WRIGHT Sue"
"955",16000,0,"HRNJAK Ethan"
"956",16000,0,"MAWSON Greg"
"957",16000,1,"REGAN Michael"
"958",16000,0,"SORENSEN Susan"
"959",16000,0,"WILLIAMS Toby"
"960",16000,0,"WRIGHT Sue"
"961",16100,0,"HRNJAK Ethan"
"962",16100,0,"MAWSON Greg"
"963",16100,1,"REGAN Michael"
"964",16100,0,"SORENSEN Susan"
"965",16100,0,"WILLIAMS Toby"
"966",16100,0,"WRIGHT Sue"
"967",16200,0,"HRNJAK Ethan"
"968",16200,0,"MAWSON Greg"
"969",16200,1,"REGAN Michael"
"970",16200,0,"SORENSEN Susan"
"971",16200,0,"WILLIAMS Toby"
"972",16200,0,"WRIGHT Sue"
"973",16300,0,"HRNJAK Ethan"
"974",16300,0,"MAWSON Greg"
"975",16300,1,"REGAN Michael"
"976",16300,0,"SORENSEN Susan"
"977",16300,0,"WILLIAMS Toby"
"978",16300,0,"WRIGHT Sue"
"979",16400,0,"HRNJAK Ethan"
"980",16400,0,"MAWSON Greg"
"981",16400,1,"REGAN Michael"
"982",16400,0,"SORENSEN Susan"
"983",16400,0,"WILLIAMS Toby"
"984",16400,0,"WRIGHT Sue"
"985",16500,0,"HRNJAK Ethan"
"986",16500,0,"MAWSON Greg"
"987",16500,1,"REGAN Michael"
"988",16500,0,"SORENSEN Susan"
"989",16500,0,"WILLIAMS Toby"
"990",16500,0,"WRIGHT Sue"
"991",16600,0,"HRNJAK Ethan"
"992",16600,0,"MAWSON Greg"
"993",16600,1,"REGAN Michael"
"994",16600,0,"SORENSEN Susan"
"995",16600,0,"WILLIAMS Toby"
"996",16600,0,"WRIGHT Sue"
"997",16700,0,"HRNJAK Ethan"
"998",16700,0,"MAWSON Greg"
"999",16700,1,"REGAN Michael"
"1000",16700,0,"SORENSEN Susan"
"1001",16700,0,"WILLIAMS Toby"
"1002",16700,0,"WRIGHT Sue"
"1003",16800,0,"HRNJAK Ethan"
"1004",16800,0,"MAWSON Greg"
"1005",16800,1,"REGAN Michael"
"1006",16800,0,"SORENSEN Susan"
"1007",16800,0,"WILLIAMS Toby"
"1008",16800,0,"WRIGHT Sue"
"1009",16900,0,"HRNJAK Ethan"
"1010",16900,0,"MAWSON Greg"
"1011",16900,1,"REGAN Michael"
"1012",16900,0,"SORENSEN Susan"
"1013",16900,0,"WILLIAMS Toby"
"1014",16900,0,"WRIGHT Sue"
"1015",17000,0,"HRNJAK Ethan"
"1016",17000,0,"MAWSON Greg"
"1017",17000,1,"REGAN Michael"
"1018",17000,0,"SORENSEN Susan"
"1019",17000,0,"WILLIAMS Toby"
"1020",17000,0,"WRIGHT Sue"
"1021",17100,0,"HRNJAK Ethan"
"1022",17100,0,"MAWSON Greg"
"1023",17100,1,"REGAN Michael"
"1024",17100,0,"SORENSEN Susan"
"1025",17100,0,"WILLIAMS Toby"
"1026",17100,0,"WRIGHT Sue"
"1027",17200,0,"HRNJAK Ethan"
"1028",17200,0,"MAWSON Greg"
"1029",17200,1,"REGAN Michael"
"1030",17200,0,"SORENSEN Susan"
"1031",17200,0,"WILLIAMS Toby"
"1032",17200,0,"WRIGHT Sue"
"1033",17300,0,"HRNJAK Ethan"
"1034",17300,0,"MAWSON Greg"
"1035",17300,1,"REGAN Michael"
"1036",17300,0,"SORENSEN Susan"
"1037",17300,0,"WILLIAMS Toby"
"1038",17300,0,"WRIGHT Sue"
"1039",17400,0,"HRNJAK Ethan"
"1040",17400,0,"MAWSON Greg"
"1041",17400,1,"REGAN Michael"
"1042",17400,0,"SORENSEN Susan"
"1043",17400,0,"WILLIAMS Toby"
"1044",17400,0,"WRIGHT Sue"
"1045",17500,0,"HRNJAK Ethan"
"1046",17500,0,"MAWSON Greg"
"1047",17500,1,"REGAN Michael"
"1048",17500,0,"SORENSEN Susan"
"1049",17500,0,"WILLIAMS Toby"
"1050",17500,0,"WRIGHT Sue"
"1051",17600,0,"HRNJAK Ethan"
"1052",17600,0,"MAWSON Greg"
"1053",17600,1,"REGAN Michael"
"1054",17600,0,"SORENSEN Susan"
"1055",17600,0,"WILLIAMS Toby"
"1056",17600,0,"WRIGHT Sue"
"1057",17700,0,"HRNJAK Ethan"
"1058",17700,0,"MAWSON Greg"
"1059",17700,1,"REGAN Michael"
"1060",17700,0,"SORENSEN Susan"
"1061",17700,0,"WILLIAMS Toby"
"1062",17700,0,"WRIGHT Sue"
"1063",17800,0,"HRNJAK Ethan"
"1064",17800,0,"MAWSON Greg"
"1065",17800,1,"REGAN Michael"
"1066",17800,0,"SORENSEN Susan"
"1067",17800,0,"WILLIAMS Toby"
"1068",17800,0,"WRIGHT Sue"
"1069",17900,0,"HRNJAK Ethan"
"1070",17900,0,"MAWSON Greg"
"1071",17900,1,"REGAN Michael"
"1072",17900,0,"SORENSEN Susan"
"1073",17900,0,"WILLIAMS Toby"
"1074",17900,0,"WRIGHT Sue"
"1075",18000,0,"HRNJAK Ethan"
"1076",18000,0,"MAWSON Greg"
"1077",18000,1,"REGAN Michael"
"1078",18000,0,"SORENSEN Susan"
"1079",18000,0,"WILLIAMS Toby"
"1080",18000,0,"WRIGHT Sue"
"1081",18100,0,"HRNJAK Ethan"
"1082",18100,0,"MAWSON Greg"
"1083",18100,1,"REGAN Michael"
"1084",18100,0,"SORENSEN Susan"
"1085",18100,0,"WILLIAMS Toby"
"1086",18100,0,"WRIGHT Sue"
"1087",18200,0,"HRNJAK Ethan"
"1088",18200,0,"MAWSON Greg"
"1089",18200,1,"REGAN Michael"
"1090",18200,0,"SORENSEN Susan"
"1091",18200,0,"WILLIAMS Toby"
"1092",18200,0,"WRIGHT Sue"
"1093",18300,0,"HRNJAK Ethan"
"1094",18300,0,"MAWSON Greg"
"1095",18300,1,"REGAN Michael"
"1096",18300,0,"SORENSEN Susan"
"1097",18300,0,"WILLIAMS Toby"
"1098",18300,0,"WRIGHT Sue"
"1099",18400,0,"HRNJAK Ethan"
"1100",18400,0,"MAWSON Greg"
"1101",18400,1,"REGAN Michael"
"1102",18400,0,"SORENSEN Susan"
"1103",18400,0,"WILLIAMS Toby"
"1104",18400,0,"WRIGHT Sue"
"1105",18500,0,"HRNJAK Ethan"
"1106",18500,0,"MAWSON Greg"
"1107",18500,1,"REGAN Michael"
"1108",18500,0,"SORENSEN Susan"
"1109",18500,0,"WILLIAMS Toby"
"1110",18500,0,"WRIGHT Sue"
"1111",18600,0,"HRNJAK Ethan"
"1112",18600,0,"MAWSON Greg"
"1113",18600,1,"REGAN Michael"
"1114",18600,0,"SORENSEN Susan"
"1115",18600,0,"WILLIAMS Toby"
"1116",18600,0,"WRIGHT Sue"
"1117",18700,0,"HRNJAK Ethan"
"1118",18700,0,"MAWSON Greg"
"1119",18700,1,"REGAN Michael"
"1120",18700,0,"SORENSEN Susan"
"1121",18700,0,"WILLIAMS Toby"
"1122",18700,0,"WRIGHT Sue"
"1123",18800,0,"HRNJAK Ethan"
"1124",18800,0,"MAWSON Greg"
"1125",18800,1,"REGAN Michael"
"1126",18800,0,"SORENSEN Susan"
"1127",18800,0,"WILLIAMS Toby"
"1128",18800,0,"WRIGHT Sue"
"1129",18900,0,"HRNJAK Ethan"
"1130",18900,0,"MAWSON Greg"
"1131",18900,1,"REGAN Michael"
"1132",18900,0,"SORENSEN Susan"
"1133",18900,0,"WILLIAMS Toby"
"1134",18900,0,"WRIGHT Sue"
"1135",19000,0,"HRNJAK Ethan"
"1136",19000,0,"MAWSON Greg"
"1137",19000,1,"REGAN Michael"
"1138",19000,0,"SORENSEN Susan"
"1139",19000,0,"WILLIAMS Toby"
"1140",19000,0,"WRIGHT Sue"
"1141",19100,0,"HRNJAK Ethan"
"1142",19100,0,"MAWSON Greg"
"1143",19100,1,"REGAN Michael"
"1144",19100,0,"SORENSEN Susan"
"1145",19100,0,"WILLIAMS Toby"
"1146",19100,0,"WRIGHT Sue"
"1147",19200,0,"HRNJAK Ethan"
"1148",19200,0,"MAWSON Greg"
"1149",19200,1,"REGAN Michael"
"1150",19200,0,"SORENSEN Susan"
"1151",19200,0,"WILLIAMS Toby"
"1152",19200,0,"WRIGHT Sue"
"1153",19300,0,"HRNJAK Ethan"
"1154",19300,0,"MAWSON Greg"
"1155",19300,1,"REGAN Michael"
"1156",19300,0,"SORENSEN Susan"
"1157",19300,0,"WILLIAMS Toby"
"1158",19300,0,"WRIGHT Sue"
"1159",19400,0,"HRNJAK Ethan"
"1160",19400,0,"MAWSON Greg"
"1161",19400,1,"REGAN Michael"
"1162",19400,0,"SORENSEN Susan"
"1163",19400,0,"WILLIAMS Toby"
"1164",19400,0,"WRIGHT Sue"
"1165",19500,0,"HRNJAK Ethan"
"1166",19500,0,"MAWSON Greg"
"1167",19500,1,"REGAN Michael"
"1168",19500,0,"SORENSEN Susan"
"1169",19500,0,"WILLIAMS Toby"
"1170",19500,0,"WRIGHT Sue"
"1171",19600,0,"HRNJAK Ethan"
"1172",19600,0,"MAWSON Greg"
"1173",19600,1,"REGAN Michael"
"1174",19600,0,"SORENSEN Susan"
"1175",19600,0,"WILLIAMS Toby"
"1176",19600,0,"WRIGHT Sue"
"1177",19700,0,"HRNJAK Ethan"
"1178",19700,0,"MAWSON Greg"
"1179",19700,1,"REGAN Michael"
"1180",19700,0,"SORENSEN Susan"
"1181",19700,0,"WILLIAMS Toby"
"1182",19700,0,"WRIGHT Sue"
"1183",19800,0,"HRNJAK Ethan"
"1184",19800,0,"MAWSON Greg"
"1185",19800,1,"REGAN Michael"
"1186",19800,0,"SORENSEN Susan"
"1187",19800,0,"WILLIAMS Toby"
"1188",19800,0,"WRIGHT Sue"
"1189",19900,0,"HRNJAK Ethan"
"1190",19900,0,"MAWSON Greg"
"1191",19900,1,"REGAN Michael"
"1192",19900,0,"SORENSEN Susan"
"1193",19900,0,"WILLIAMS Toby"
"1194",19900,0,"WRIGHT Sue"
"1195",20000,0,"HRNJAK Ethan"
"1196",20000,0,"MAWSON Greg"
"1197",20000,1,"REGAN Michael"
"1198",20000,0,"SORENSEN Susan"
"1199",20000,0,"WILLIAMS Toby"
"1200",20000,0,"WRIGHT Sue"
"1201",20100,0,"HRNJAK Ethan"
"1202",20100,0,"MAWSON Greg"
"1203",20100,1,"REGAN Michael"
"1204",20100,0,"SORENSEN Susan"
"1205",20100,0,"WILLIAMS Toby"
"1206",20100,0,"WRIGHT Sue"
"1207",20200,0,"HRNJAK Ethan"
"1208",20200,0,"MAWSON Greg"
"1209",20200,1,"REGAN Michael"
"1210",20200,0,"SORENSEN Susan"
"1211",20200,0,"WILLIAMS Toby"
"1212",20200,0,"WRIGHT Sue"
"1213",20300,0,"HRNJAK Ethan"
"1214",20300,0,"MAWSON Greg"
"1215",20300,1,"REGAN Michael"
"1216",20300,0,"SORENSEN Susan"
"1217",20300,0,"WILLIAMS Toby"
"1218",20300,0,"WRIGHT Sue"
"1219",20400,0,"HRNJAK Ethan"
"1220",20400,0,"MAWSON Greg"
"1221",20400,1,"REGAN Michael"
"1222",20400,0,"SORENSEN Susan"
"1223",20400,0,"WILLIAMS Toby"
"1224",20400,0,"WRIGHT Sue"
"1225",20500,0,"HRNJAK Ethan"
"1226",20500,0,"MAWSON Greg"
"1227",20500,1,"REGAN Michael"
"1228",20500,0,"SORENSEN Susan"
"1229",20500,0,"WILLIAMS Toby"
"1230",20500,0,"WRIGHT Sue"
"1231",20600,0,"HRNJAK Ethan"
"1232",20600,0,"MAWSON Greg"
"1233",20600,1,"REGAN Michael"
"1234",20600,0,"SORENSEN Susan"
"1235",20600,0,"WILLIAMS Toby"
"1236",20600,0,"WRIGHT Sue"
"1237",20700,0,"HRNJAK Ethan"
"1238",20700,0,"MAWSON Greg"
"1239",20700,1,"REGAN Michael"
"1240",20700,0,"SORENSEN Susan"
"1241",20700,0,"WILLIAMS Toby"
"1242",20700,0,"WRIGHT Sue"
"1243",20800,0,"HRNJAK Ethan"
"1244",20800,0,"MAWSON Greg"
"1245",20800,1,"REGAN Michael"
"1246",20800,0,"SORENSEN Susan"
"1247",20800,0,"WILLIAMS Toby"
"1248",20800,0,"WRIGHT Sue"
"1249",20900,0,"HRNJAK Ethan"
"1250",20900,0,"MAWSON Greg"
"1251",20900,1,"REGAN Michael"
"1252",20900,0,"SORENSEN Susan"
"1253",20900,0,"WILLIAMS Toby"
"1254",20900,0,"WRIGHT Sue"
"1255",21000,0,"HRNJAK Ethan"
"1256",21000,0,"MAWSON Greg"
"1257",21000,1,"REGAN Michael"
"1258",21000,0,"SORENSEN Susan"
"1259",21000,0,"WILLIAMS Toby"
"1260",21000,0,"WRIGHT Sue"
"1261",21100,0,"HRNJAK Ethan"
"1262",21100,0,"MAWSON Greg"
"1263",21100,1,"REGAN Michael"
"1264",21100,0,"SORENSEN Susan"
"1265",21100,0,"WILLIAMS Toby"
"1266",21100,0,"WRIGHT Sue"
"1267",21200,0,"HRNJAK Ethan"
"1268",21200,0,"MAWSON Greg"
"1269",21200,1,"REGAN Michael"
"1270",21200,0,"SORENSEN Susan"
"1271",21200,0,"WILLIAMS Toby"
"1272",21200,0,"WRIGHT Sue"
"1273",21300,0,"HRNJAK Ethan"
"1274",21300,0,"MAWSON Greg"
"1275",21300,1,"REGAN Michael"
"1276",21300,0,"SORENSEN Susan"
"1277",21300,0,"WILLIAMS Toby"
"1278",21300,0,"WRIGHT Sue"
"1279",21400,0,"HRNJAK Ethan"
"1280",21400,0,"MAWSON Greg"
"1281",21400,1,"REGAN Michael"
"1282",21400,0,"SORENSEN Susan"
"1283",21400,0,"WILLIAMS Toby"
"1284",21400,0,"WRIGHT Sue"
"1285",21500,0,"HRNJAK Ethan"
"1286",21500,0,"MAWSON Greg"
"1287",21500,1,"REGAN Michael"
"1288",21500,0,"SORENSEN Susan"
"1289",21500,0,"WILLIAMS Toby"
"1290",21500,0,"WRIGHT Sue"
"1291",21600,0,"HRNJAK Ethan"
"1292",21600,0,"MAWSON Greg"
"1293",21600,1,"REGAN Michael"
"1294",21600,0,"SORENSEN Susan"
"1295",21600,0,"WILLIAMS Toby"
"1296",21600,0,"WRIGHT Sue"
"1297",21700,0,"HRNJAK Ethan"
"1298",21700,0,"MAWSON Greg"
"1299",21700,1,"REGAN Michael"
"1300",21700,0,"SORENSEN Susan"
"1301",21700,0,"WILLIAMS Toby"
"1302",21700,0,"WRIGHT Sue"
"1303",21800,0,"HRNJAK Ethan"
"1304",21800,0,"MAWSON Greg"
"1305",21800,1,"REGAN Michael"
"1306",21800,0,"SORENSEN Susan"
"1307",21800,0,"WILLIAMS Toby"
"1308",21800,0,"WRIGHT Sue"
"1309",21900,0,"HRNJAK Ethan"
"1310",21900,0,"MAWSON Greg"
"1311",21900,1,"REGAN Michael"
"1312",21900,0,"SORENSEN Susan"
"1313",21900,0,"WILLIAMS Toby"
"1314",21900,0,"WRIGHT Sue"
"1315",22000,0,"HRNJAK Ethan"
"1316",22000,0,"MAWSON Greg"
"1317",22000,1,"REGAN Michael"
"1318",22000,0,"SORENSEN Susan"
"1319",22000,0,"WILLIAMS Toby"
"1320",22000,0,"WRIGHT Sue"
"1321",22100,0,"HRNJAK Ethan"
"1322",22100,0,"MAWSON Greg"
"1323",22100,1,"REGAN Michael"
"1324",22100,0,"SORENSEN Susan"
"1325",22100,0,"WILLIAMS Toby"
"1326",22100,0,"WRIGHT Sue"
"1327",22200,0,"HRNJAK Ethan"
"1328",22200,0,"MAWSON Greg"
"1329",22200,1,"REGAN Michael"
"1330",22200,0,"SORENSEN Susan"
"1331",22200,0,"WILLIAMS Toby"
"1332",22200,0,"WRIGHT Sue"
"1333",22300,0,"HRNJAK Ethan"
"1334",22300,0,"MAWSON Greg"
"1335",22300,1,"REGAN Michael"
"1336",22300,0,"SORENSEN Susan"
"1337",22300,0,"WILLIAMS Toby"
"1338",22300,0,"WRIGHT Sue"
"1339",22400,0,"HRNJAK Ethan"
"1340",22400,0,"MAWSON Greg"
"1341",22400,1,"REGAN Michael"
"1342",22400,0,"SORENSEN Susan"
"1343",22400,0,"WILLIAMS Toby"
"1344",22400,0,"WRIGHT Sue"
"1345",22500,0,"HRNJAK Ethan"
"1346",22500,0,"MAWSON Greg"
"1347",22500,1,"REGAN Michael"
"1348",22500,0,"SORENSEN Susan"
"1349",22500,0,"WILLIAMS Toby"
"1350",22500,0,"WRIGHT Sue"
"1351",22600,0,"HRNJAK Ethan"
"1352",22600,0,"MAWSON Greg"
"1353",22600,1,"REGAN Michael"
"1354",22600,0,"SORENSEN Susan"
"1355",22600,0,"WILLIAMS Toby"
"1356",22600,0,"WRIGHT Sue"
"1357",22700,0,"HRNJAK Ethan"
"1358",22700,0,"MAWSON Greg"
"1359",22700,1,"REGAN Michael"
"1360",22700,0,"SORENSEN Susan"
"1361",22700,0,"WILLIAMS Toby"
"1362",22700,0,"WRIGHT Sue"
"1363",22800,0,"HRNJAK Ethan"
"1364",22800,0,"MAWSON Greg"
"1365",22800,1,"REGAN Michael"
"1366",22800,0,"SORENSEN Susan"
"1367",22800,0,"WILLIAMS Toby"
"1368",22800,0,"WRIGHT Sue"
"1369",22900,0,"HRNJAK Ethan"
"1370",22900,0,"MAWSON Greg"
"1371",22900,1,"REGAN Michael"
"1372",22900,0,"SORENSEN Susan"
"1373",22900,0,"WILLIAMS Toby"
"1374",22900,0,"WRIGHT Sue"
"1375",23000,0,"HRNJAK Ethan"
"1376",23000,0,"MAWSON Greg"
"1377",23000,1,"REGAN Michael"
"1378",23000,0,"SORENSEN Susan"
"1379",23000,0,"WILLIAMS Toby"
"1380",23000,0,"WRIGHT Sue"
"1381",23100,0,"HRNJAK Ethan"
"1382",23100,0,"MAWSON Greg"
"1383",23100,1,"REGAN Michael"
"1384",23100,0,"SORENSEN Susan"
"1385",23100,0,"WILLIAMS Toby"
"1386",23100,0,"WRIGHT Sue"
"1387",23200,0,"HRNJAK Ethan"
"1388",23200,0,"MAWSON Greg"
"1389",23200,1,"REGAN Michael"
"1390",23200,0,"SORENSEN Susan"
"1391",23200,0,"WILLIAMS Toby"
"1392",23200,0,"WRIGHT Sue"
"1393",23300,0,"HRNJAK Ethan"
"1394",23300,0,"MAWSON Greg"
"1395",23300,1,"REGAN Michael"
"1396",23300,0,"SORENSEN Susan"
"1397",23300,0,"WILLIAMS Toby"
"1398",23300,0,"WRIGHT Sue"
"1399",23400,0,"HRNJAK Ethan"
"1400",23400,0,"MAWSON Greg"
"1401",23400,1,"REGAN Michael"
"1402",23400,0,"SORENSEN Susan"
"1403",23400,0,"WILLIAMS Toby"
"1404",23400,0,"WRIGHT Sue"
"1405",23500,0,"HRNJAK Ethan"
"1406",23500,0,"MAWSON Greg"
"1407",23500,1,"REGAN Michael"
"1408",23500,0,"SORENSEN Susan"
"1409",23500,0,"WILLIAMS Toby"
"1410",23500,0,"WRIGHT Sue"
"1411",23600,0,"HRNJAK Ethan"
"1412",23600,0,"MAWSON Greg"
"1413",23600,1,"REGAN Michael"
"1414",23600,0,"SORENSEN Susan"
"1415",23600,0,"WILLIAMS Toby"
"1416",23600,0,"WRIGHT Sue"
"1417",23700,0,"HRNJAK Ethan"
"1418",23700,0,"MAWSON Greg"
"1419",23700,1,"REGAN Michael"
"1420",23700,0,"SORENSEN Susan"
"1421",23700,0,"WILLIAMS Toby"
"1422",23700,0,"WRIGHT Sue"
"1423",23800,0,"HRNJAK Ethan"
"1424",23800,0,"MAWSON Greg"
"1425",23800,1,"REGAN Michael"
"1426",23800,0,"SORENSEN Susan"
"1427",23800,0,"WILLIAMS Toby"
"1428",23800,0,"WRIGHT Sue"
"1429",23900,0,"HRNJAK Ethan"
"1430",23900,0,"MAWSON Greg"
"1431",23900,1,"REGAN Michael"
"1432",23900,0,"SORENSEN Susan"
"1433",23900,0,"WILLIAMS Toby"
"1434",23900,0,"WRIGHT Sue"
"1435",24000,0,"HRNJAK Ethan"
"1436",24000,0,"MAWSON Greg"
"1437",24000,1,"REGAN Michael"
"1438",24000,0,"SORENSEN Susan"
"1439",24000,0,"WILLIAMS Toby"
"1440",24000,0,"WRIGHT Sue"
"1441",24100,0,"HRNJAK Ethan"
"1442",24100,0,"MAWSON Greg"
"1443",24100,1,"REGAN Michael"
"1444",24100,0,"SORENSEN Susan"
"1445",24100,0,"WILLIAMS Toby"
"1446",24100,0,"WRIGHT Sue"
"1447",24200,0,"HRNJAK Ethan"
"1448",24200,0,"MAWSON Greg"
"1449",24200,1,"REGAN Michael"
"1450",24200,0,"SORENSEN Susan"
"1451",24200,0,"WILLIAMS Toby"
"1452",24200,0,"WRIGHT Sue"
"1453",24300,0,"HRNJAK Ethan"
"1454",24300,0,"MAWSON Greg"
"1455",24300,1,"REGAN Michael"
"1456",24300,0,"SORENSEN Susan"
"1457",24300,0,"WILLIAMS Toby"
"1458",24300,0,"WRIGHT Sue"
"1459",24400,0,"HRNJAK Ethan"
"1460",24400,0,"MAWSON Greg"
"1461",24400,1,"REGAN Michael"
"1462",24400,0,"SORENSEN Susan"
"1463",24400,0,"WILLIAMS Toby"
"1464",24400,0,"WRIGHT Sue"
"1465",24500,0,"HRNJAK Ethan"
"1466",24500,0,"MAWSON Greg"
"1467",24500,1,"REGAN Michael"
"1468",24500,0,"SORENSEN Susan"
"1469",24500,0,"WILLIAMS Toby"
"1470",24500,0,"WRIGHT Sue"
"1471",24600,0,"HRNJAK Ethan"
"1472",24600,0,"MAWSON Greg"
"1473",24600,1,"REGAN Michael"
"1474",24600,0,"SORENSEN Susan"
"1475",24600,0,"WILLIAMS Toby"
"1476",24600,0,"WRIGHT Sue"
"1477",24700,0,"HRNJAK Ethan"
"1478",24700,0,"MAWSON Greg"
"1479",24700,1,"REGAN Michael"
"1480",24700,0,"SORENSEN Susan"
"1481",24700,0,"WILLIAMS Toby"
"1482",24700,0,"WRIGHT Sue"
"1483",24800,0,"HRNJAK Ethan"
"1484",24800,0,"MAWSON Greg"
"1485",24800,1,"REGAN Michael"
"1486",24800,0,"SORENSEN Susan"
"1487",24800,0,"WILLIAMS Toby"
"1488",24800,0,"WRIGHT Sue"
"1489",24900,0,"HRNJAK Ethan"
"1490",24900,0,"MAWSON Greg"
"1491",24900,1,"REGAN Michael"
"1492",24900,0,"SORENSEN Susan"
"1493",24900,0,"WILLIAMS Toby"
"1494",24900,0,"WRIGHT Sue"
"1495",25000,0,"HRNJAK Ethan"
"1496",25000,0,"MAWSON Greg"
"1497",25000,1,"REGAN Michael"
"1498",25000,0,"SORENSEN Susan"
"1499",25000,0,"WILLIAMS Toby"
"1500",25000,0,"WRIGHT Sue"
"1501",25100,0,"HRNJAK Ethan"
"1502",25100,0,"MAWSON Greg"
"1503",25100,1,"REGAN Michael"
"1504",25100,0,"SORENSEN Susan"
"1505",25100,0,"WILLIAMS Toby"
"1506",25100,0,"WRIGHT Sue"
"1507",25200,0,"HRNJAK Ethan"
"1508",25200,0,"MAWSON Greg"
"1509",25200,1,"REGAN Michael"
"1510",25200,0,"SORENSEN Susan"
"1511",25200,0,"WILLIAMS Toby"
"1512",25200,0,"WRIGHT Sue"
"1513",25300,0,"HRNJAK Ethan"
"1514",25300,0,"MAWSON Greg"
"1515",25300,1,"REGAN Michael"
"1516",25300,0,"SORENSEN Susan"
"1517",25300,0,"WILLIAMS Toby"
"1518",25300,0,"WRIGHT Sue"
"1519",25400,0,"HRNJAK Ethan"
"1520",25400,0,"MAWSON Greg"
"1521",25400,1,"REGAN Michael"
"1522",25400,0,"SORENSEN Susan"
"1523",25400,0,"WILLIAMS Toby"
"1524",25400,0,"WRIGHT Sue"
"1525",25500,0,"HRNJAK Ethan"
"1526",25500,0,"MAWSON Greg"
"1527",25500,1,"REGAN Michael"
"1528",25500,0,"SORENSEN Susan"
"1529",25500,0,"WILLIAMS Toby"
"1530",25500,0,"WRIGHT Sue"
"1531",25600,0,"HRNJAK Ethan"
"1532",25600,0,"MAWSON Greg"
"1533",25600,1,"REGAN Michael"
"1534",25600,0,"SORENSEN Susan"
"1535",25600,0,"WILLIAMS Toby"
"1536",25600,0,"WRIGHT Sue"
"1537",25700,0,"HRNJAK Ethan"
"1538",25700,0,"MAWSON Greg"
"1539",25700,1,"REGAN Michael"
"1540",25700,0,"SORENSEN Susan"
"1541",25700,0,"WILLIAMS Toby"
"1542",25700,0,"WRIGHT Sue"
"1543",25800,0,"HRNJAK Ethan"
"1544",25800,0,"MAWSON Greg"
"1545",25800,1,"REGAN Michael"
"1546",25800,0,"SORENSEN Susan"
"1547",25800,0,"WILLIAMS Toby"
"1548",25800,0,"WRIGHT Sue"
"1549",25900,0,"HRNJAK Ethan"
"1550",25900,0,"MAWSON Greg"
"1551",25900,1,"REGAN Michael"
"1552",25900,0,"SORENSEN Susan"
"1553",25900,0,"WILLIAMS Toby"
"1554",25900,0,"WRIGHT Sue"
"1555",26000,0,"HRNJAK Ethan"
"1556",26000,0,"MAWSON Greg"
"1557",26000,1,"REGAN Michael"
"1558",26000,0,"SORENSEN Susan"
"1559",26000,0,"WILLIAMS Toby"
"1560",26000,0,"WRIGHT Sue"
"1561",26100,0,"HRNJAK Ethan"
"1562",26100,0,"MAWSON Greg"
"1563",26100,1,"REGAN Michael"
"1564",26100,0,"SORENSEN Susan"
"1565",26100,0,"WILLIAMS Toby"
"1566",26100,0,"WRIGHT Sue"
"1567",26200,0,"HRNJAK Ethan"
"1568",26200,0,"MAWSON Greg"
"1569",26200,1,"REGAN Michael"
"1570",26200,0,"SORENSEN Susan"
"1571",26200,0,"WILLIAMS Toby"
"1572",26200,0,"WRIGHT Sue"
"1573",26300,0,"HRNJAK Ethan"
"1574",26300,0,"MAWSON Greg"
"1575",26300,1,"REGAN Michael"
"1576",26300,0,"SORENSEN Susan"
"1577",26300,0,"WILLIAMS Toby"
"1578",26300,0,"WRIGHT Sue"
"1579",26400,0,"HRNJAK Ethan"
"1580",26400,0,"MAWSON Greg"
"1581",26400,1,"REGAN Michael"
"1582",26400,0,"SORENSEN Susan"
"1583",26400,0,"WILLIAMS Toby"
"1584",26400,0,"WRIGHT Sue"
"1585",26500,0,"HRNJAK Ethan"
"1586",26500,0,"MAWSON Greg"
"1587",26500,1,"REGAN Michael"
"1588",26500,0,"SORENSEN Susan"
"1589",26500,0,"WILLIAMS Toby"
"1590",26500,0,"WRIGHT Sue"
"1591",26600,0,"HRNJAK Ethan"
"1592",26600,0,"MAWSON Greg"
"1593",26600,1,"REGAN Michael"
"1594",26600,0,"SORENSEN Susan"
"1595",26600,0,"WILLIAMS Toby"
"1596",26600,0,"WRIGHT Sue"
"1597",26700,0,"HRNJAK Ethan"
"1598",26700,0,"MAWSON Greg"
"1599",26700,1,"REGAN Michael"
"1600",26700,0,"SORENSEN Susan"
"1601",26700,0,"WILLIAMS Toby"
"1602",26700,0,"WRIGHT Sue"
"1603",26800,0,"HRNJAK Ethan"
"1604",26800,0,"MAWSON Greg"
"1605",26800,1,"REGAN Michael"
"1606",26800,0,"SORENSEN Susan"
"1607",26800,0,"WILLIAMS Toby"
"1608",26800,0,"WRIGHT Sue"
"1609",26900,0,"HRNJAK Ethan"
"1610",26900,0,"MAWSON Greg"
"1611",26900,1,"REGAN Michael"
"1612",26900,0,"SORENSEN Susan"
"1613",26900,0,"WILLIAMS Toby"
"1614",26900,0,"WRIGHT Sue"
"1615",27000,0,"HRNJAK Ethan"
"1616",27000,0,"MAWSON Greg"
"1617",27000,1,"REGAN Michael"
"1618",27000,0,"SORENSEN Susan"
"1619",27000,0,"WILLIAMS Toby"
"1620",27000,0,"WRIGHT Sue"
"1621",27100,0,"HRNJAK Ethan"
"1622",27100,0,"MAWSON Greg"
"1623",27100,1,"REGAN Michael"
"1624",27100,0,"SORENSEN Susan"
"1625",27100,0,"WILLIAMS Toby"
"1626",27100,0,"WRIGHT Sue"
"1627",27200,0,"HRNJAK Ethan"
"1628",27200,0,"MAWSON Greg"
"1629",27200,1,"REGAN Michael"
"1630",27200,0,"SORENSEN Susan"
"1631",27200,0,"WILLIAMS Toby"
"1632",27200,0,"WRIGHT Sue"
"1633",27300,0,"HRNJAK Ethan"
"1634",27300,0,"MAWSON Greg"
"1635",27300,1,"REGAN Michael"
"1636",27300,0,"SORENSEN Susan"
"1637",27300,0,"WILLIAMS Toby"
"1638",27300,0,"WRIGHT Sue"
"1639",27400,0,"HRNJAK Ethan"
"1640",27400,0,"MAWSON Greg"
"1641",27400,1,"REGAN Michael"
"1642",27400,0,"SORENSEN Susan"
"1643",27400,0,"WILLIAMS Toby"
"1644",27400,0,"WRIGHT Sue"
"1645",27500,0,"HRNJAK Ethan"
"1646",27500,0,"MAWSON Greg"
"1647",27500,1,"REGAN Michael"
"1648",27500,0,"SORENSEN Susan"
"1649",27500,0,"WILLIAMS Toby"
"1650",27500,0,"WRIGHT Sue"
"1651",27600,0,"HRNJAK Ethan"
"1652",27600,0,"MAWSON Greg"
"1653",27600,1,"REGAN Michael"
"1654",27600,0,"SORENSEN Susan"
"1655",27600,0,"WILLIAMS Toby"
"1656",27600,0,"WRIGHT Sue"
"1657",27700,0,"HRNJAK Ethan"
"1658",27700,0,"MAWSON Greg"
"1659",27700,1,"REGAN Michael"
"1660",27700,0,"SORENSEN Susan"
"1661",27700,0,"WILLIAMS Toby"
"1662",27700,0,"WRIGHT Sue"
"1663",27800,0,"HRNJAK Ethan"
"1664",27800,0,"MAWSON Greg"
"1665",27800,1,"REGAN Michael"
"1666",27800,0,"SORENSEN Susan"
"1667",27800,0,"WILLIAMS Toby"
"1668",27800,0,"WRIGHT Sue"
"1669",27900,0,"HRNJAK Ethan"
"1670",27900,0,"MAWSON Greg"
"1671",27900,1,"REGAN Michael"
"1672",27900,0,"SORENSEN Susan"
"1673",27900,0,"WILLIAMS Toby"
"1674",27900,0,"WRIGHT Sue"
"1675",28000,0,"HRNJAK Ethan"
"1676",28000,0,"MAWSON Greg"
"1677",28000,1,"REGAN Michael"
"1678",28000,0,"SORENSEN Susan"
"1679",28000,0,"WILLIAMS Toby"
"1680",28000,0,"WRIGHT Sue"
"1681",28100,0,"HRNJAK Ethan"
"1682",28100,0,"MAWSON Greg"
"1683",28100,1,"REGAN Michael"
"1684",28100,0,"SORENSEN Susan"
"1685",28100,0,"WILLIAMS Toby"
"1686",28100,0,"WRIGHT Sue"
"1687",28200,0,"HRNJAK Ethan"
"1688",28200,0,"MAWSON Greg"
"1689",28200,1,"REGAN Michael"
"1690",28200,0,"SORENSEN Susan"
"1691",28200,0,"WILLIAMS Toby"
"1692",28200,0,"WRIGHT Sue"
"1693",28300,0,"HRNJAK Ethan"
"1694",28300,0,"MAWSON Greg"
"1695",28300,1,"REGAN Michael"
"1696",28300,0,"SORENSEN Susan"
"1697",28300,0,"WILLIAMS Toby"
"1698",28300,0,"WRIGHT Sue"
"1699",28400,0,"HRNJAK Ethan"
"1700",28400,0,"MAWSON Greg"
"1701",28400,1,"REGAN Michael"
"1702",28400,0,"SORENSEN Susan"
"1703",28400,0,"WILLIAMS Toby"
"1704",28400,0,"WRIGHT Sue"
"1705",28500,0,"HRNJAK Ethan"
"1706",28500,0,"MAWSON Greg"
"1707",28500,1,"REGAN Michael"
"1708",28500,0,"SORENSEN Susan"
"1709",28500,0,"WILLIAMS Toby"
"1710",28500,0,"WRIGHT Sue"
"1711",28600,0,"HRNJAK Ethan"
"1712",28600,0,"MAWSON Greg"
"1713",28600,1,"REGAN Michael"
"1714",28600,0,"SORENSEN Susan"
"1715",28600,0,"WILLIAMS Toby"
"1716",28600,0,"WRIGHT Sue"
"1717",28700,0,"HRNJAK Ethan"
"1718",28700,0,"MAWSON Greg"
"1719",28700,1,"REGAN Michael"
"1720",28700,0,"SORENSEN Susan"
"1721",28700,0,"WILLIAMS Toby"
"1722",28700,0,"WRIGHT Sue"
"1723",28800,0,"HRNJAK Ethan"
"1724",28800,0,"MAWSON Greg"
"1725",28800,1,"REGAN Michael"
"1726",28800,0,"SORENSEN Susan"
"1727",28800,0,"WILLIAMS Toby"
"1728",28800,0,"WRIGHT Sue"
"1729",28900,0,"HRNJAK Ethan"
"1730",28900,0,"MAWSON Greg"
"1731",28900,1,"REGAN Michael"
"1732",28900,0,"SORENSEN Susan"
"1733",28900,0,"WILLIAMS Toby"
"1734",28900,0,"WRIGHT Sue"
"1735",29000,0,"HRNJAK Ethan"
"1736",29000,0,"MAWSON Greg"
"1737",29000,1,"REGAN Michael"
"1738",29000,0,"SORENSEN Susan"
"1739",29000,0,"WILLIAMS Toby"
"1740",29000,0,"WRIGHT Sue"
"1741",29100,0,"HRNJAK Ethan"
"1742",29100,0,"MAWSON Greg"
"1743",29100,1,"REGAN Michael"
"1744",29100,0,"SORENSEN Susan"
"1745",29100,0,"WILLIAMS Toby"
"1746",29100,0,"WRIGHT Sue"
"1747",29200,0,"HRNJAK Ethan"
"1748",29200,0,"MAWSON Greg"
"1749",29200,1,"REGAN Michael"
"1750",29200,0,"SORENSEN Susan"
"1751",29200,0,"WILLIAMS Toby"
"1752",29200,0,"WRIGHT Sue"
"1753",29300,0,"HRNJAK Ethan"
"1754",29300,0,"MAWSON Greg"
"1755",29300,1,"REGAN Michael"
"1756",29300,0,"SORENSEN Susan"
"1757",29300,0,"WILLIAMS Toby"
"1758",29300,0,"WRIGHT Sue"
"1759",29400,0,"HRNJAK Ethan"
"1760",29400,0,"MAWSON Greg"
"1761",29400,1,"REGAN Michael"
"1762",29400,0,"SORENSEN Susan"
"1763",29400,0,"WILLIAMS Toby"
"1764",29400,0,"WRIGHT Sue"
"1765",29500,0,"HRNJAK Ethan"
"1766",29500,0,"MAWSON Greg"
"1767",29500,1,"REGAN Michael"
"1768",29500,0,"SORENSEN Susan"
"1769",29500,0,"WILLIAMS Toby"
"1770",29500,0,"WRIGHT Sue"
"1771",29600,0,"HRNJAK Ethan"
"1772",29600,0,"MAWSON Greg"
"1773",29600,1,"REGAN Michael"
"1774",29600,0,"SORENSEN Susan"
"1775",29600,0,"WILLIAMS Toby"
"1776",29600,0,"WRIGHT Sue"
"1777",29700,0,"HRNJAK Ethan"
"1778",29700,0,"MAWSON Greg"
"1779",29700,1,"REGAN Michael"
"1780",29700,0,"SORENSEN Susan"
"1781",29700,0,"WILLIAMS Toby"
"1782",29700,0,"WRIGHT Sue"
"1783",29800,0,"HRNJAK Ethan"
"1784",29800,0,"MAWSON Greg"
"1785",29800,1,"REGAN Michael"
"1786",29800,0,"SORENSEN Susan"
"1787",29800,0,"WILLIAMS Toby"
"1788",29800,0,"WRIGHT Sue"
"1789",29900,0,"HRNJAK Ethan"
"1790",29900,0,"MAWSON Greg"
"1791",29900,1,"REGAN Michael"
"1792",29900,0,"SORENSEN Susan"
"1793",29900,0,"WILLIAMS Toby"
"1794",29900,0,"WRIGHT Sue"
"1795",30000,0,"HRNJAK Ethan"
"1796",30000,0,"MAWSON Greg"
"1797",30000,1,"REGAN Michael"
"1798",30000,0,"SORENSEN Susan"
"1799",30000,0,"WILLIAMS Toby"
"1800",30000,0,"WRIGHT Sue"
"1801",30100,0,"HRNJAK Ethan"
"1802",30100,0,"MAWSON Greg"
"1803",30100,1,"REGAN Michael"
"1804",30100,0,"SORENSEN Susan"
"1805",30100,0,"WILLIAMS Toby"
"1806",30100,0,"WRIGHT Sue"
"1807",30200,0,"HRNJAK Ethan"
"1808",30200,0,"MAWSON Greg"
"1809",30200,1,"REGAN Michael"
"1810",30200,0,"SORENSEN Susan"
"1811",30200,0,"WILLIAMS Toby"
"1812",30200,0,"WRIGHT Sue"
"1813",30300,0,"HRNJAK Ethan"
"1814",30300,0,"MAWSON Greg"
"1815",30300,1,"REGAN Michael"
"1816",30300,0,"SORENSEN Susan"
"1817",30300,0,"WILLIAMS Toby"
"1818",30300,0,"WRIGHT Sue"
"1819",30400,0,"HRNJAK Ethan"
"1820",30400,0,"MAWSON Greg"
"1821",30400,1,"REGAN Michael"
"1822",30400,0,"SORENSEN Susan"
"1823",30400,0,"WILLIAMS Toby"
"1824",30400,0,"WRIGHT Sue"
"1825",30500,0,"HRNJAK Ethan"
"1826",30500,0,"MAWSON Greg"
"1827",30500,1,"REGAN Michael"
"1828",30500,0,"SORENSEN Susan"
"1829",30500,0,"WILLIAMS Toby"
"1830",30500,0,"WRIGHT Sue"
"1831",30600,0,"HRNJAK Ethan"
"1832",30600,0,"MAWSON Greg"
"1833",30600,1,"REGAN Michael"
"1834",30600,0,"SORENSEN Susan"
"1835",30600,0,"WILLIAMS Toby"
"1836",30600,0,"WRIGHT Sue"
"1837",30700,0,"HRNJAK Ethan"
"1838",30700,0,"MAWSON Greg"
"1839",30700,1,"REGAN Michael"
"1840",30700,0,"SORENSEN Susan"
"1841",30700,0,"WILLIAMS Toby"
"1842",30700,0,"WRIGHT Sue"
"1843",30800,0,"HRNJAK Ethan"
"1844",30800,0,"MAWSON Greg"
"1845",30800,1,"REGAN Michael"
"1846",30800,0,"SORENSEN Susan"
"1847",30800,0,"WILLIAMS Toby"
"1848",30800,0,"WRIGHT Sue"
"1849",30900,0,"HRNJAK Ethan"
"1850",30900,0,"MAWSON Greg"
"1851",30900,1,"REGAN Michael"
"1852",30900,0,"SORENSEN Susan"
"1853",30900,0,"WILLIAMS Toby"
"1854",30900,0,"WRIGHT Sue"
"1855",31000,0,"HRNJAK Ethan"
"1856",31000,0,"MAWSON Greg"
"1857",31000,1,"REGAN Michael"
"1858",31000,0,"SORENSEN Susan"
"1859",31000,0,"WILLIAMS Toby"
"1860",31000,0,"WRIGHT Sue"
"1861",31100,0,"HRNJAK Ethan"
"1862",31100,0,"MAWSON Greg"
"1863",31100,1,"REGAN Michael"
"1864",31100,0,"SORENSEN Susan"
"1865",31100,0,"WILLIAMS Toby"
"1866",31100,0,"WRIGHT Sue"
"1867",31200,0,"HRNJAK Ethan"
"1868",31200,0,"MAWSON Greg"
"1869",31200,1,"REGAN Michael"
"1870",31200,0,"SORENSEN Susan"
"1871",31200,0,"WILLIAMS Toby"
"1872",31200,0,"WRIGHT Sue"
"1873",31300,0,"HRNJAK Ethan"
"1874",31300,0,"MAWSON Greg"
"1875",31300,1,"REGAN Michael"
"1876",31300,0,"SORENSEN Susan"
"1877",31300,0,"WILLIAMS Toby"
"1878",31300,0,"WRIGHT Sue"
"1879",31400,0,"HRNJAK Ethan"
"1880",31400,0,"MAWSON Greg"
"1881",31400,1,"REGAN Michael"
"1882",31400,0,"SORENSEN Susan"
"1883",31400,0,"WILLIAMS Toby"
"1884",31400,0,"WRIGHT Sue"
"1885",31500,0,"HRNJAK Ethan"
"1886",31500,0,"MAWSON Greg"
"1887",31500,1,"REGAN Michael"
"1888",31500,0,"SORENSEN Susan"
"1889",31500,0,"WILLIAMS Toby"
"1890",31500,0,"WRIGHT Sue"
"1891",31600,0,"HRNJAK Ethan"
"1892",31600,0,"MAWSON Greg"
"1893",31600,1,"REGAN Michael"
"1894",31600,0,"SORENSEN Susan"
"1895",31600,0,"WILLIAMS Toby"
"1896",31600,0,"WRIGHT Sue"
"1897",31700,0,"HRNJAK Ethan"
"1898",31700,0,"MAWSON Greg"
"1899",31700,1,"REGAN Michael"
"1900",31700,0,"SORENSEN Susan"
"1901",31700,0,"WILLIAMS Toby"
"1902",31700,0,"WRIGHT Sue"
"1903",31800,0,"HRNJAK Ethan"
"1904",31800,0,"MAWSON Greg"
"1905",31800,1,"REGAN Michael"
"1906",31800,0,"SORENSEN Susan"
"1907",31800,0,"WILLIAMS Toby"
"1908",31800,0,"WRIGHT Sue"
"1909",31900,0,"HRNJAK Ethan"
"1910",31900,0,"MAWSON Greg"
"1911",31900,1,"REGAN Michael"
"1912",31900,0,"SORENSEN Susan"
"1913",31900,0,"WILLIAMS Toby"
"1914",31900,0,"WRIGHT Sue"
"1915",32000,0,"HRNJAK Ethan"
"1916",32000,0,"MAWSON Greg"
"1917",32000,1,"REGAN Michael"
"1918",32000,0,"SORENSEN Susan"
"1919",32000,0,"WILLIAMS Toby"
"1920",32000,0,"WRIGHT Sue"
"1921",32100,0,"HRNJAK Ethan"
"1922",32100,0,"MAWSON Greg"
"1923",32100,1,"REGAN Michael"
"1924",32100,0,"SORENSEN Susan"
"1925",32100,0,"WILLIAMS Toby"
"1926",32100,0,"WRIGHT Sue"
"1927",32200,0,"HRNJAK Ethan"
"1928",32200,0,"MAWSON Greg"
"1929",32200,1,"REGAN Michael"
"1930",32200,0,"SORENSEN Susan"
"1931",32200,0,"WILLIAMS Toby"
"1932",32200,0,"WRIGHT Sue"
"1933",32300,0,"HRNJAK Ethan"
"1934",32300,0,"MAWSON Greg"
"1935",32300,1,"REGAN Michael"
"1936",32300,0,"SORENSEN Susan"
"1937",32300,0,"WILLIAMS Toby"
"1938",32300,0,"WRIGHT Sue"
"1939",32400,0,"HRNJAK Ethan"
"1940",32400,0,"MAWSON Greg"
"1941",32400,1,"REGAN Michael"
"1942",32400,0,"SORENSEN Susan"
"1943",32400,0,"WILLIAMS Toby"
"1944",32400,0,"WRIGHT Sue"
"1945",32500,0,"HRNJAK Ethan"
"1946",32500,0,"MAWSON Greg"
"1947",32500,1,"REGAN Michael"
"1948",32500,0,"SORENSEN Susan"
"1949",32500,0,"WILLIAMS Toby"
"1950",32500,0,"WRIGHT Sue"
"1951",32600,0,"HRNJAK Ethan"
"1952",32600,0,"MAWSON Greg"
"1953",32600,1,"REGAN Michael"
"1954",32600,0,"SORENSEN Susan"
"1955",32600,0,"WILLIAMS Toby"
"1956",32600,0,"WRIGHT Sue"
"1957",32700,0,"HRNJAK Ethan"
"1958",32700,0,"MAWSON Greg"
"1959",32700,1,"REGAN Michael"
"1960",32700,0,"SORENSEN Susan"
"1961",32700,0,"WILLIAMS Toby"
"1962",32700,0,"WRIGHT Sue"
"1963",32800,0,"HRNJAK Ethan"
"1964",32800,0,"MAWSON Greg"
"1965",32800,1,"REGAN Michael"
"1966",32800,0,"SORENSEN Susan"
"1967",32800,0,"WILLIAMS Toby"
"1968",32800,0,"WRIGHT Sue"
"1969",32900,0,"HRNJAK Ethan"
"1970",32900,0,"MAWSON Greg"
"1971",32900,1,"REGAN Michael"
"1972",32900,0,"SORENSEN Susan"
"1973",32900,0,"WILLIAMS Toby"
"1974",32900,0,"WRIGHT Sue"
"1975",33000,0,"HRNJAK Ethan"
"1976",33000,0,"MAWSON Greg"
"1977",33000,1,"REGAN Michael"
"1978",33000,0,"SORENSEN Susan"
"1979",33000,0,"WILLIAMS Toby"
"1980",33000,0,"WRIGHT Sue"
"1981",33100,0,"HRNJAK Ethan"
"1982",33100,0,"MAWSON Greg"
"1983",33100,1,"REGAN Michael"
"1984",33100,0,"SORENSEN Susan"
"1985",33100,0,"WILLIAMS Toby"
"1986",33100,0,"WRIGHT Sue"
"1987",33200,0,"HRNJAK Ethan"
"1988",33200,0,"MAWSON Greg"
"1989",33200,1,"REGAN Michael"
"1990",33200,0,"SORENSEN Susan"
"1991",33200,0,"WILLIAMS Toby"
"1992",33200,0,"WRIGHT Sue"
"1993",33300,0,"HRNJAK Ethan"
"1994",33300,0,"MAWSON Greg"
"1995",33300,1,"REGAN Michael"
"1996",33300,0,"SORENSEN Susan"
"1997",33300,0,"WILLIAMS Toby"
"1998",33300,0,"WRIGHT Sue"
"1999",33400,0,"HRNJAK Ethan"
"2000",33400,0,"MAWSON Greg"
"2001",33400,1,"REGAN Michael"
"2002",33400,0,"SORENSEN Susan"
"2003",33400,0,"WILLIAMS Toby"
"2004",33400,0,"WRIGHT Sue"
"2005",33500,0,"HRNJAK Ethan"
"2006",33500,0,"MAWSON Greg"
"2007",33500,1,"REGAN Michael"
"2008",33500,0,"SORENSEN Susan"
"2009",33500,0,"WILLIAMS Toby"
"2010",33500,0,"WRIGHT Sue"
"2011",33600,0,"HRNJAK Ethan"
"2012",33600,0,"MAWSON Greg"
"2013",33600,1,"REGAN Michael"
"2014",33600,0,"SORENSEN Susan"
"2015",33600,0,"WILLIAMS Toby"
"2016",33600,0,"WRIGHT Sue"
"2017",33700,0,"HRNJAK Ethan"
"2018",33700,0,"MAWSON Greg"
"2019",33700,1,"REGAN Michael"
"2020",33700,0,"SORENSEN Susan"
"2021",33700,0,"WILLIAMS Toby"
"2022",33700,0,"WRIGHT Sue"
"2023",33800,0,"HRNJAK Ethan"
"2024",33800,0,"MAWSON Greg"
"2025",33800,1,"REGAN Michael"
"2026",33800,0,"SORENSEN Susan"
"2027",33800,0,"WILLIAMS Toby"
"2028",33800,0,"WRIGHT Sue"
"2029",33900,0,"HRNJAK Ethan"
"2030",33900,0,"MAWSON Greg"
"2031",33900,1,"REGAN Michael"
"2032",33900,0,"SORENSEN Susan"
"2033",33900,0,"WILLIAMS Toby"
"2034",33900,0,"WRIGHT Sue"
"2035",34000,0,"HRNJAK Ethan"
"2036",34000,0,"MAWSON Greg"
"2037",34000,1,"REGAN Michael"
"2038",34000,0,"SORENSEN Susan"
"2039",34000,0,"WILLIAMS Toby"
"2040",34000,0,"WRIGHT Sue"
"2041",34100,0,"HRNJAK Ethan"
"2042",34100,0,"MAWSON Greg"
"2043",34100,1,"REGAN Michael"
"2044",34100,0,"SORENSEN Susan"
"2045",34100,0,"WILLIAMS Toby"
"2046",34100,0,"WRIGHT Sue"
"2047",34200,0,"HRNJAK Ethan"
"2048",34200,0,"MAWSON Greg"
"2049",34200,1,"REGAN Michael"
"2050",34200,0,"SORENSEN Susan"
"2051",34200,0,"WILLIAMS Toby"
"2052",34200,0,"WRIGHT Sue"
"2053",34300,0,"HRNJAK Ethan"
"2054",34300,0,"MAWSON Greg"
"2055",34300,1,"REGAN Michael"
"2056",34300,0,"SORENSEN Susan"
"2057",34300,0,"WILLIAMS Toby"
"2058",34300,0,"WRIGHT Sue"
"2059",34400,0,"HRNJAK Ethan"
"2060",34400,0,"MAWSON Greg"
"2061",34400,1,"REGAN Michael"
"2062",34400,0,"SORENSEN Susan"
"2063",34400,0,"WILLIAMS Toby"
"2064",34400,0,"WRIGHT Sue"
"2065",34500,0,"HRNJAK Ethan"
"2066",34500,0,"MAWSON Greg"
"2067",34500,1,"REGAN Michael"
"2068",34500,0,"SORENSEN Susan"
"2069",34500,0,"WILLIAMS Toby"
"2070",34500,0,"WRIGHT Sue"
"2071",34600,0,"HRNJAK Ethan"
"2072",34600,0,"MAWSON Greg"
"2073",34600,1,"REGAN Michael"
"2074",34600,0,"SORENSEN Susan"
"2075",34600,0,"WILLIAMS Toby"
"2076",34600,0,"WRIGHT Sue"
"2077",34700,0,"HRNJAK Ethan"
"2078",34700,0,"MAWSON Greg"
"2079",34700,1,"REGAN Michael"
"2080",34700,0,"SORENSEN Susan"
"2081",34700,0,"WILLIAMS Toby"
"2082",34700,0,"WRIGHT Sue"
"2083",34800,0,"HRNJAK Ethan"
"2084",34800,0,"MAWSON Greg"
"2085",34800,1,"REGAN Michael"
"2086",34800,0,"SORENSEN Susan"
"2087",34800,0,"WILLIAMS Toby"
"2088",34800,0,"WRIGHT Sue"
"2089",34900,0,"HRNJAK Ethan"
"2090",34900,0,"MAWSON Greg"
"2091",34900,1,"REGAN Michael"
"2092",34900,0,"SORENSEN Susan"
"2093",34900,0,"WILLIAMS Toby"
"2094",34900,0,"WRIGHT Sue"
"2095",35000,0,"HRNJAK Ethan"
"2096",35000,0,"MAWSON Greg"
"2097",35000,1,"REGAN Michael"
"2098",35000,0,"SORENSEN Susan"
"2099",35000,0,"WILLIAMS Toby"
"2100",35000,0,"WRIGHT Sue"
"2101",35100,0,"HRNJAK Ethan"
"2102",35100,0,"MAWSON Greg"
"2103",35100,1,"REGAN Michael"
"2104",35100,0,"SORENSEN Susan"
"2105",35100,0,"WILLIAMS Toby"
"2106",35100,0,"WRIGHT Sue"
"2107",35200,0,"HRNJAK Ethan"
"2108",35200,0,"MAWSON Greg"
"2109",35200,1,"REGAN Michael"
"2110",35200,0,"SORENSEN Susan"
"2111",35200,0,"WILLIAMS Toby"
"2112",35200,0,"WRIGHT Sue"
"2113",35300,0,"HRNJAK Ethan"
"2114",35300,0,"MAWSON Greg"
"2115",35300,1,"REGAN Michael"
"2116",35300,0,"SORENSEN Susan"
"2117",35300,0,"WILLIAMS Toby"
"2118",35300,0,"WRIGHT Sue"
"2119",35400,0,"HRNJAK Ethan"
"2120",35400,0,"MAWSON Greg"
"2121",35400,1,"REGAN Michael"
"2122",35400,0,"SORENSEN Susan"
"2123",35400,0,"WILLIAMS Toby"
"2124",35400,0,"WRIGHT Sue"
"2125",35500,0,"HRNJAK Ethan"
"2126",35500,0,"MAWSON Greg"
"2127",35500,1,"REGAN Michael"
"2128",35500,0,"SORENSEN Susan"
"2129",35500,0,"WILLIAMS Toby"
"2130",35500,0,"WRIGHT Sue"
"2131",35600,0,"HRNJAK Ethan"
"2132",35600,0,"MAWSON Greg"
"2133",35600,1,"REGAN Michael"
"2134",35600,0,"SORENSEN Susan"
"2135",35600,0,"WILLIAMS Toby"
"2136",35600,0,"WRIGHT Sue"
"2137",35700,0,"HRNJAK Ethan"
"2138",35700,0,"MAWSON Greg"
"2139",35700,1,"REGAN Michael"
"2140",35700,0,"SORENSEN Susan"
"2141",35700,0,"WILLIAMS Toby"
"2142",35700,0,"WRIGHT Sue"
"2143",35800,0,"HRNJAK Ethan"
"2144",35800,0,"MAWSON Greg"
"2145",35800,1,"REGAN Michael"
"2146",35800,0,"SORENSEN Susan"
"2147",35800,0,"WILLIAMS Toby"
"2148",35800,0,"WRIGHT Sue"
"2149",35900,0,"HRNJAK Ethan"
"2150",35900,0,"MAWSON Greg"
"2151",35900,1,"REGAN Michael"
"2152",35900,0,"SORENSEN Susan"
"2153",35900,0,"WILLIAMS Toby"
"2154",35900,0,"WRIGHT Sue"
"2155",36000,0,"HRNJAK Ethan"
"2156",36000,0,"MAWSON Greg"
"2157",36000,1,"REGAN Michael"
"2158",36000,0,"SORENSEN Susan"
"2159",36000,0,"WILLIAMS Toby"
"2160",36000,0,"WRIGHT Sue"
"2161",36100,0,"HRNJAK Ethan"
"2162",36100,0,"MAWSON Greg"
"2163",36100,1,"REGAN Michael"
"2164",36100,0,"SORENSEN Susan"
"2165",36100,0,"WILLIAMS Toby"
"2166",36100,0,"WRIGHT Sue"
"2167",36200,0,"HRNJAK Ethan"
"2168",36200,0,"MAWSON Greg"
"2169",36200,1,"REGAN Michael"
"2170",36200,0,"SORENSEN Susan"
"2171",36200,0,"WILLIAMS Toby"
"2172",36200,0,"WRIGHT Sue"
"2173",36300,0,"HRNJAK Ethan"
"2174",36300,0,"MAWSON Greg"
"2175",36300,1,"REGAN Michael"
"2176",36300,0,"SORENSEN Susan"
"2177",36300,0,"WILLIAMS Toby"
"2178",36300,0,"WRIGHT Sue"
"2179",36400,0,"HRNJAK Ethan"
"2180",36400,0,"MAWSON Greg"
"2181",36400,1,"REGAN Michael"
"2182",36400,0,"SORENSEN Susan"
"2183",36400,0,"WILLIAMS Toby"
"2184",36400,0,"WRIGHT Sue"
"2185",36500,0,"HRNJAK Ethan"
"2186",36500,0,"MAWSON Greg"
"2187",36500,1,"REGAN Michael"
"2188",36500,0,"SORENSEN Susan"
"2189",36500,0,"WILLIAMS Toby"
"2190",36500,0,"WRIGHT Sue"
"2191",36600,0,"HRNJAK Ethan"
"2192",36600,0,"MAWSON Greg"
"2193",36600,1,"REGAN Michael"
"2194",36600,0,"SORENSEN Susan"
"2195",36600,0,"WILLIAMS Toby"
"2196",36600,0,"WRIGHT Sue"
"2197",36700,0,"HRNJAK Ethan"
"2198",36700,0,"MAWSON Greg"
"2199",36700,1,"REGAN Michael"
"2200",36700,0,"SORENSEN Susan"
"2201",36700,0,"WILLIAMS Toby"
"2202",36700,0,"WRIGHT Sue"
"2203",36800,0,"HRNJAK Ethan"
"2204",36800,0,"MAWSON Greg"
"2205",36800,1,"REGAN Michael"
"2206",36800,0,"SORENSEN Susan"
"2207",36800,0,"WILLIAMS Toby"
"2208",36800,0,"WRIGHT Sue"
"2209",36900,0,"HRNJAK Ethan"
"2210",36900,0,"MAWSON Greg"
"2211",36900,1,"REGAN Michael"
"2212",36900,0,"SORENSEN Susan"
"2213",36900,0,"WILLIAMS Toby"
"2214",36900,0,"WRIGHT Sue"
"2215",37000,0,"HRNJAK Ethan"
"2216",37000,0,"MAWSON Greg"
"2217",37000,1,"REGAN Michael"
"2218",37000,0,"SORENSEN Susan"
"2219",37000,0,"WILLIAMS Toby"
"2220",37000,0,"WRIGHT Sue"
"2221",37100,0,"HRNJAK Ethan"
"2222",37100,0,"MAWSON Greg"
"2223",37100,1,"REGAN Michael"
"2224",37100,0,"SORENSEN Susan"
"2225",37100,0,"WILLIAMS Toby"
"2226",37100,0,"WRIGHT Sue"
"2227",37200,0,"HRNJAK Ethan"
"2228",37200,0,"MAWSON Greg"
"2229",37200,1,"REGAN Michael"
"2230",37200,0,"SORENSEN Susan"
"2231",37200,0,"WILLIAMS Toby"
"2232",37200,0,"WRIGHT Sue"
"2233",37300,0,"HRNJAK Ethan"
"2234",37300,0,"MAWSON Greg"
"2235",37300,1,"REGAN Michael"
"2236",37300,0,"SORENSEN Susan"
"2237",37300,0,"WILLIAMS Toby"
"2238",37300,0,"WRIGHT Sue"
"2239",37400,0,"HRNJAK Ethan"
"2240",37400,0,"MAWSON Greg"
"2241",37400,1,"REGAN Michael"
"2242",37400,0,"SORENSEN Susan"
"2243",37400,0,"WILLIAMS Toby"
"2244",37400,0,"WRIGHT Sue"
"2245",37500,0,"HRNJAK Ethan"
"2246",37500,0,"MAWSON Greg"
"2247",37500,1,"REGAN Michael"
"2248",37500,0,"SORENSEN Susan"
"2249",37500,0,"WILLIAMS Toby"
"2250",37500,0,"WRIGHT Sue"
"2251",37600,0,"HRNJAK Ethan"
"2252",37600,0,"MAWSON Greg"
"2253",37600,1,"REGAN Michael"
"2254",37600,0,"SORENSEN Susan"
"2255",37600,0,"WILLIAMS Toby"
"2256",37600,0,"WRIGHT Sue"
"2257",37700,0,"HRNJAK Ethan"
"2258",37700,0,"MAWSON Greg"
"2259",37700,1,"REGAN Michael"
"2260",37700,0,"SORENSEN Susan"
"2261",37700,0,"WILLIAMS Toby"
"2262",37700,0,"WRIGHT Sue"
"2263",37800,0,"HRNJAK Ethan"
"2264",37800,0,"MAWSON Greg"
"2265",37800,1,"REGAN Michael"
"2266",37800,0,"SORENSEN Susan"
"2267",37800,0,"WILLIAMS Toby"
"2268",37800,0,"WRIGHT Sue"
"2269",37900,0,"HRNJAK Ethan"
"2270",37900,0,"MAWSON Greg"
"2271",37900,1,"REGAN Michael"
"2272",37900,0,"SORENSEN Susan"
"2273",37900,0,"WILLIAMS Toby"
"2274",37900,0,"WRIGHT Sue"
"2275",38000,0,"HRNJAK Ethan"
"2276",38000,0,"MAWSON Greg"
"2277",38000,1,"REGAN Michael"
"2278",38000,0,"SORENSEN Susan"
"2279",38000,0,"WILLIAMS Toby"
"2280",38000,0,"WRIGHT Sue"
"2281",38100,0,"HRNJAK Ethan"
"2282",38100,0,"MAWSON Greg"
"2283",38100,1,"REGAN Michael"
"2284",38100,0,"SORENSEN Susan"
"2285",38100,0,"WILLIAMS Toby"
"2286",38100,0,"WRIGHT Sue"
"2287",38200,0,"HRNJAK Ethan"
"2288",38200,0,"MAWSON Greg"
"2289",38200,1,"REGAN Michael"
"2290",38200,0,"SORENSEN Susan"
"2291",38200,0,"WILLIAMS Toby"
"2292",38200,0,"WRIGHT Sue"
"2293",38300,0,"HRNJAK Ethan"
"2294",38300,0,"MAWSON Greg"
"2295",38300,1,"REGAN Michael"
"2296",38300,0,"SORENSEN Susan"
"2297",38300,0,"WILLIAMS Toby"
"2298",38300,0,"WRIGHT Sue"
"2299",38400,0,"HRNJAK Ethan"
"2300",38400,0,"MAWSON Greg"
"2301",38400,1,"REGAN Michael"
"2302",38400,0,"SORENSEN Susan"
"2303",38400,0,"WILLIAMS Toby"
"2304",38400,0,"WRIGHT Sue"
"2305",38500,0,"HRNJAK Ethan"
"2306",38500,0,"MAWSON Greg"
"2307",38500,1,"REGAN Michael"
"2308",38500,0,"SORENSEN Susan"
"2309",38500,0,"WILLIAMS Toby"
"2310",38500,0,"WRIGHT Sue"
"2311",38600,0,"HRNJAK Ethan"
"2312",38600,0,"MAWSON Greg"
"2313",38600,1,"REGAN Michael"
"2314",38600,0,"SORENSEN Susan"
"2315",38600,0,"WILLIAMS Toby"
"2316",38600,0,"WRIGHT Sue"
"2317",38700,0,"HRNJAK Ethan"
"2318",38700,0,"MAWSON Greg"
"2319",38700,1,"REGAN Michael"
"2320",38700,0,"SORENSEN Susan"
"2321",38700,0,"WILLIAMS Toby"
"2322",38700,0,"WRIGHT Sue"
"2323",38800,0,"HRNJAK Ethan"
"2324",38800,0,"MAWSON Greg"
"2325",38800,1,"REGAN Michael"
"2326",38800,0,"SORENSEN Susan"
"2327",38800,0,"WILLIAMS Toby"
"2328",38800,0,"WRIGHT Sue"
"2329",38900,0,"HRNJAK Ethan"
"2330",38900,0,"MAWSON Greg"
"2331",38900,1,"REGAN Michael"
"2332",38900,0,"SORENSEN Susan"
"2333",38900,0,"WILLIAMS Toby"
"2334",38900,0,"WRIGHT Sue"
"2335",39000,0,"HRNJAK Ethan"
"2336",39000,0,"MAWSON Greg"
"2337",39000,1,"REGAN Michael"
"2338",39000,0,"SORENSEN Susan"
"2339",39000,0,"WILLIAMS Toby"
"2340",39000,0,"WRIGHT Sue"
"2341",39100,0,"HRNJAK Ethan"
"2342",39100,0,"MAWSON Greg"
"2343",39100,1,"REGAN Michael"
"2344",39100,0,"SORENSEN Susan"
"2345",39100,0,"WILLIAMS Toby"
"2346",39100,0,"WRIGHT Sue"
"2347",39200,0,"HRNJAK Ethan"
"2348",39200,0,"MAWSON Greg"
"2349",39200,1,"REGAN Michael"
"2350",39200,0,"SORENSEN Susan"
"2351",39200,0,"WILLIAMS Toby"
"2352",39200,0,"WRIGHT Sue"
"2353",39300,0,"HRNJAK Ethan"
"2354",39300,0,"MAWSON Greg"
"2355",39300,1,"REGAN Michael"
"2356",39300,0,"SORENSEN Susan"
"2357",39300,0,"WILLIAMS Toby"
"2358",39300,0,"WRIGHT Sue"
"2359",39400,0,"HRNJAK Ethan"
"2360",39400,0,"MAWSON Greg"
"2361",39400,1,"REGAN Michael"
"2362",39400,0,"SORENSEN Susan"
"2363",39400,0,"WILLIAMS Toby"
"2364",39400,0,"WRIGHT Sue"
"2365",39500,0,"HRNJAK Ethan"
"2366",39500,0,"MAWSON Greg"
"2367",39500,1,"REGAN Michael"
"2368",39500,0,"SORENSEN Susan"
"2369",39500,0,"WILLIAMS Toby"
"2370",39500,0,"WRIGHT Sue"
"2371",39600,0,"HRNJAK Ethan"
"2372",39600,0,"MAWSON Greg"
"2373",39600,1,"REGAN Michael"
"2374",39600,0,"SORENSEN Susan"
"2375",39600,0,"WILLIAMS Toby"
"2376",39600,0,"WRIGHT Sue"
"2377",39700,0,"HRNJAK Ethan"
"2378",39700,0,"MAWSON Greg"
"2379",39700,1,"REGAN Michael"
"2380",39700,0,"SORENSEN Susan"
"2381",39700,0,"WILLIAMS Toby"
"2382",39700,0,"WRIGHT Sue"
"2383",39800,0,"HRNJAK Ethan"
"2384",39800,0,"MAWSON Greg"
"2385",39800,1,"REGAN Michael"
"2386",39800,0,"SORENSEN Susan"
"2387",39800,0,"WILLIAMS Toby"
"2388",39800,0,"WRIGHT Sue"
"2389",39900,0,"HRNJAK Ethan"
"2390",39900,0,"MAWSON Greg"
"2391",39900,1,"REGAN Michael"
"2392",39900,0,"SORENSEN Susan"
"2393",39900,0,"WILLIAMS Toby"
"2394",39900,0,"WRIGHT Sue"
"2395",40000,0,"HRNJAK Ethan"
"2396",40000,0,"MAWSON Greg"
"2397",40000,1,"REGAN Michael"
"2398",40000,0,"SORENSEN Susan"
"2399",40000,0,"WILLIAMS Toby"
"2400",40000,0,"WRIGHT Sue"
"2401",40100,0,"HRNJAK Ethan"
"2402",40100,0,"MAWSON Greg"
"2403",40100,1,"REGAN Michael"
"2404",40100,0,"SORENSEN Susan"
"2405",40100,0,"WILLIAMS Toby"
"2406",40100,0,"WRIGHT Sue"
"2407",40200,0,"HRNJAK Ethan"
"2408",40200,0,"MAWSON Greg"
"2409",40200,1,"REGAN Michael"
"2410",40200,0,"SORENSEN Susan"
"2411",40200,0,"WILLIAMS Toby"
"2412",40200,0,"WRIGHT Sue"
"2413",40300,0,"HRNJAK Ethan"
"2414",40300,0,"MAWSON Greg"
"2415",40300,1,"REGAN Michael"
"2416",40300,0,"SORENSEN Susan"
"2417",40300,0,"WILLIAMS Toby"
"2418",40300,0,"WRIGHT Sue"
"2419",40400,0,"HRNJAK Ethan"
"2420",40400,0,"MAWSON Greg"
"2421",40400,1,"REGAN Michael"
"2422",40400,0,"SORENSEN Susan"
"2423",40400,0,"WILLIAMS Toby"
"2424",40400,0,"WRIGHT Sue"
"2425",40500,0,"HRNJAK Ethan"
"2426",40500,0,"MAWSON Greg"
"2427",40500,1,"REGAN Michael"
"2428",40500,0,"SORENSEN Susan"
"2429",40500,0,"WILLIAMS Toby"
"2430",40500,0,"WRIGHT Sue"
"2431",40600,0,"HRNJAK Ethan"
"2432",40600,0,"MAWSON Greg"
"2433",40600,1,"REGAN Michael"
"2434",40600,0,"SORENSEN Susan"
"2435",40600,0,"WILLIAMS Toby"
"2436",40600,0,"WRIGHT Sue"
"2437",40700,0,"HRNJAK Ethan"
"2438",40700,0,"MAWSON Greg"
"2439",40700,1,"REGAN Michael"
"2440",40700,0,"SORENSEN Susan"
"2441",40700,0,"WILLIAMS Toby"
"2442",40700,0,"WRIGHT Sue"
"2443",40800,0,"HRNJAK Ethan"
"2444",40800,0,"MAWSON Greg"
"2445",40800,1,"REGAN Michael"
"2446",40800,0,"SORENSEN Susan"
"2447",40800,0,"WILLIAMS Toby"
"2448",40800,0,"WRIGHT Sue"
"2449",40900,0,"HRNJAK Ethan"
"2450",40900,0,"MAWSON Greg"
"2451",40900,1,"REGAN Michael"
"2452",40900,0,"SORENSEN Susan"
"2453",40900,0,"WILLIAMS Toby"
"2454",40900,0,"WRIGHT Sue"
"2455",41000,0,"HRNJAK Ethan"
"2456",41000,0,"MAWSON Greg"
"2457",41000,1,"REGAN Michael"
"2458",41000,0,"SORENSEN Susan"
"2459",41000,0,"WILLIAMS Toby"
"2460",41000,0,"WRIGHT Sue"
"2461",41100,0,"HRNJAK Ethan"
"2462",41100,0,"MAWSON Greg"
"2463",41100,1,"REGAN Michael"
"2464",41100,0,"SORENSEN Susan"
"2465",41100,0,"WILLIAMS Toby"
"2466",41100,0,"WRIGHT Sue"
"2467",41200,0,"HRNJAK Ethan"
"2468",41200,0,"MAWSON Greg"
"2469",41200,1,"REGAN Michael"
"2470",41200,0,"SORENSEN Susan"
"2471",41200,0,"WILLIAMS Toby"
"2472",41200,0,"WRIGHT Sue"
"2473",41300,0,"HRNJAK Ethan"
"2474",41300,0,"MAWSON Greg"
"2475",41300,1,"REGAN Michael"
"2476",41300,0,"SORENSEN Susan"
"2477",41300,0,"WILLIAMS Toby"
"2478",41300,0,"WRIGHT Sue"
"2479",41400,0,"HRNJAK Ethan"
"2480",41400,0,"MAWSON Greg"
"2481",41400,1,"REGAN Michael"
"2482",41400,0,"SORENSEN Susan"
"2483",41400,0,"WILLIAMS Toby"
"2484",41400,0,"WRIGHT Sue"
"2485",41500,0,"HRNJAK Ethan"
"2486",41500,0,"MAWSON Greg"
"2487",41500,1,"REGAN Michael"
"2488",41500,0,"SORENSEN Susan"
"2489",41500,0,"WILLIAMS Toby"
"2490",41500,0,"WRIGHT Sue"
"2491",41600,0,"HRNJAK Ethan"
"2492",41600,0,"MAWSON Greg"
"2493",41600,1,"REGAN Michael"
"2494",41600,0,"SORENSEN Susan"
"2495",41600,0,"WILLIAMS Toby"
"2496",41600,0,"WRIGHT Sue"
"2497",41700,0,"HRNJAK Ethan"
"2498",41700,0,"MAWSON Greg"
"2499",41700,1,"REGAN Michael"
"2500",41700,0,"SORENSEN Susan"
"2501",41700,0,"WILLIAMS Toby"
"2502",41700,0,"WRIGHT Sue"
"2503",41800,0,"HRNJAK Ethan"
"2504",41800,0,"MAWSON Greg"
"2505",41800,1,"REGAN Michael"
"2506",41800,0,"SORENSEN Susan"
"2507",41800,0,"WILLIAMS Toby"
"2508",41800,0,"WRIGHT Sue"
"2509",41900,0,"HRNJAK Ethan"
"2510",41900,0,"MAWSON Greg"
"2511",41900,1,"REGAN Michael"
"2512",41900,0,"SORENSEN Susan"
"2513",41900,0,"WILLIAMS Toby"
"2514",41900,0,"WRIGHT Sue"
"2515",42000,0,"HRNJAK Ethan"
"2516",42000,0,"MAWSON Greg"
"2517",42000,1,"REGAN Michael"
"2518",42000,0,"SORENSEN Susan"
"2519",42000,0,"WILLIAMS Toby"
"2520",42000,0,"WRIGHT Sue"
"2521",42100,0,"HRNJAK Ethan"
"2522",42100,0,"MAWSON Greg"
"2523",42100,1,"REGAN Michael"
"2524",42100,0,"SORENSEN Susan"
"2525",42100,0,"WILLIAMS Toby"
"2526",42100,0,"WRIGHT Sue"
"2527",42200,0,"HRNJAK Ethan"
"2528",42200,0,"MAWSON Greg"
"2529",42200,1,"REGAN Michael"
"2530",42200,0,"SORENSEN Susan"
"2531",42200,0,"WILLIAMS Toby"
"2532",42200,0,"WRIGHT Sue"
"2533",42300,0,"HRNJAK Ethan"
"2534",42300,0,"MAWSON Greg"
"2535",42300,1,"REGAN Michael"
"2536",42300,0,"SORENSEN Susan"
"2537",42300,0,"WILLIAMS Toby"
"2538",42300,0,"WRIGHT Sue"
"2539",42400,0,"HRNJAK Ethan"
"2540",42400,0,"MAWSON Greg"
"2541",42400,1,"REGAN Michael"
"2542",42400,0,"SORENSEN Susan"
"2543",42400,0,"WILLIAMS Toby"
"2544",42400,0,"WRIGHT Sue"
"2545",42500,0,"HRNJAK Ethan"
"2546",42500,0,"MAWSON Greg"
"2547",42500,1,"REGAN Michael"
"2548",42500,0,"SORENSEN Susan"
"2549",42500,0,"WILLIAMS Toby"
"2550",42500,0,"WRIGHT Sue"
"2551",42600,0,"HRNJAK Ethan"
"2552",42600,0,"MAWSON Greg"
"2553",42600,1,"REGAN Michael"
"2554",42600,0,"SORENSEN Susan"
"2555",42600,0,"WILLIAMS Toby"
"2556",42600,0,"WRIGHT Sue"
"2557",42700,0,"HRNJAK Ethan"
"2558",42700,0,"MAWSON Greg"
"2559",42700,1,"REGAN Michael"
"2560",42700,0,"SORENSEN Susan"
"2561",42700,0,"WILLIAMS Toby"
"2562",42700,0,"WRIGHT Sue"
"2563",42800,0,"HRNJAK Ethan"
"2564",42800,0,"MAWSON Greg"
"2565",42800,1,"REGAN Michael"
"2566",42800,0,"SORENSEN Susan"
"2567",42800,0,"WILLIAMS Toby"
"2568",42800,0,"WRIGHT Sue"
"2569",42900,0,"HRNJAK Ethan"
"2570",42900,0,"MAWSON Greg"
"2571",42900,1,"REGAN Michael"
"2572",42900,0,"SORENSEN Susan"
"2573",42900,0,"WILLIAMS Toby"
"2574",42900,0,"WRIGHT Sue"
"2575",43000,0,"HRNJAK Ethan"
"2576",43000,0,"MAWSON Greg"
"2577",43000,1,"REGAN Michael"
"2578",43000,0,"SORENSEN Susan"
"2579",43000,0,"WILLIAMS Toby"
"2580",43000,0,"WRIGHT Sue"
"2581",43100,0,"HRNJAK Ethan"
"2582",43100,0,"MAWSON Greg"
"2583",43100,1,"REGAN Michael"
"2584",43100,0,"SORENSEN Susan"
"2585",43100,0,"WILLIAMS Toby"
"2586",43100,0,"WRIGHT Sue"
"2587",43200,0,"HRNJAK Ethan"
"2588",43200,0,"MAWSON Greg"
"2589",43200,1,"REGAN Michael"
"2590",43200,0,"SORENSEN Susan"
"2591",43200,0,"WILLIAMS Toby"
"2592",43200,0,"WRIGHT Sue"
"2593",43300,0,"HRNJAK Ethan"
"2594",43300,0,"MAWSON Greg"
"2595",43300,1,"REGAN Michael"
"2596",43300,0,"SORENSEN Susan"
"2597",43300,0,"WILLIAMS Toby"
"2598",43300,0,"WRIGHT Sue"
"2599",43400,0,"HRNJAK Ethan"
"2600",43400,0,"MAWSON Greg"
"2601",43400,1,"REGAN Michael"
"2602",43400,0,"SORENSEN Susan"
"2603",43400,0,"WILLIAMS Toby"
"2604",43400,0,"WRIGHT Sue"
"2605",43500,0,"HRNJAK Ethan"
"2606",43500,0,"MAWSON Greg"
"2607",43500,1,"REGAN Michael"
"2608",43500,0,"SORENSEN Susan"
"2609",43500,0,"WILLIAMS Toby"
"2610",43500,0,"WRIGHT Sue"
"2611",43600,0,"HRNJAK Ethan"
"2612",43600,0,"MAWSON Greg"
"2613",43600,1,"REGAN Michael"
"2614",43600,0,"SORENSEN Susan"
"2615",43600,0,"WILLIAMS Toby"
"2616",43600,0,"WRIGHT Sue"
"2617",43700,0,"HRNJAK Ethan"
"2618",43700,0,"MAWSON Greg"
"2619",43700,1,"REGAN Michael"
"2620",43700,0,"SORENSEN Susan"
"2621",43700,0,"WILLIAMS Toby"
"2622",43700,0,"WRIGHT Sue"
"2623",43800,0,"HRNJAK Ethan"
"2624",43800,0,"MAWSON Greg"
"2625",43800,1,"REGAN Michael"
"2626",43800,0,"SORENSEN Susan"
"2627",43800,0,"WILLIAMS Toby"
"2628",43800,0,"WRIGHT Sue"
"2629",43900,0,"HRNJAK Ethan"
"2630",43900,0,"MAWSON Greg"
"2631",43900,1,"REGAN Michael"
"2632",43900,0,"SORENSEN Susan"
"2633",43900,0,"WILLIAMS Toby"
"2634",43900,0,"WRIGHT Sue"
"2635",44000,0,"HRNJAK Ethan"
"2636",44000,0,"MAWSON Greg"
"2637",44000,1,"REGAN Michael"
"2638",44000,0,"SORENSEN Susan"
"2639",44000,0,"WILLIAMS Toby"
"2640",44000,0,"WRIGHT Sue"
"2641",44100,0,"HRNJAK Ethan"
"2642",44100,0,"MAWSON Greg"
"2643",44100,1,"REGAN Michael"
"2644",44100,0,"SORENSEN Susan"
"2645",44100,0,"WILLIAMS Toby"
"2646",44100,0,"WRIGHT Sue"
"2647",44200,0,"HRNJAK Ethan"
"2648",44200,0,"MAWSON Greg"
"2649",44200,1,"REGAN Michael"
"2650",44200,0,"SORENSEN Susan"
"2651",44200,0,"WILLIAMS Toby"
"2652",44200,0,"WRIGHT Sue"
"2653",44300,0,"HRNJAK Ethan"
"2654",44300,0,"MAWSON Greg"
"2655",44300,1,"REGAN Michael"
"2656",44300,0,"SORENSEN Susan"
"2657",44300,0,"WILLIAMS Toby"
"2658",44300,0,"WRIGHT Sue"
"2659",44400,0,"HRNJAK Ethan"
"2660",44400,0,"MAWSON Greg"
"2661",44400,1,"REGAN Michael"
"2662",44400,0,"SORENSEN Susan"
"2663",44400,0,"WILLIAMS Toby"
"2664",44400,0,"WRIGHT Sue"
"2665",44500,0,"HRNJAK Ethan"
"2666",44500,0,"MAWSON Greg"
"2667",44500,1,"REGAN Michael"
"2668",44500,0,"SORENSEN Susan"
"2669",44500,0,"WILLIAMS Toby"
"2670",44500,0,"WRIGHT Sue"
"2671",44600,0,"HRNJAK Ethan"
"2672",44600,0,"MAWSON Greg"
"2673",44600,1,"REGAN Michael"
"2674",44600,0,"SORENSEN Susan"
"2675",44600,0,"WILLIAMS Toby"
"2676",44600,0,"WRIGHT Sue"
"2677",44700,0,"HRNJAK Ethan"
"2678",44700,0,"MAWSON Greg"
"2679",44700,1,"REGAN Michael"
"2680",44700,0,"SORENSEN Susan"
"2681",44700,0,"WILLIAMS Toby"
"2682",44700,0,"WRIGHT Sue"
"2683",44800,0,"HRNJAK Ethan"
"2684",44800,0,"MAWSON Greg"
"2685",44800,1,"REGAN Michael"
"2686",44800,0,"SORENSEN Susan"
"2687",44800,0,"WILLIAMS Toby"
"2688",44800,0,"WRIGHT Sue"
"2689",44900,0,"HRNJAK Ethan"
"2690",44900,0,"MAWSON Greg"
"2691",44900,1,"REGAN Michael"
"2692",44900,0,"SORENSEN Susan"
"2693",44900,0,"WILLIAMS Toby"
"2694",44900,0,"WRIGHT Sue"
"2695",45000,0,"HRNJAK Ethan"
"2696",45000,0,"MAWSON Greg"
"2697",45000,1,"REGAN Michael"
"2698",45000,0,"SORENSEN Susan"
"2699",45000,0,"WILLIAMS Toby"
"2700",45000,0,"WRIGHT Sue"
"2701",45100,0,"HRNJAK Ethan"
"2702",45100,0,"MAWSON Greg"
"2703",45100,1,"REGAN Michael"
"2704",45100,0,"SORENSEN Susan"
"2705",45100,0,"WILLIAMS Toby"
"2706",45100,0,"WRIGHT Sue"
"2707",45200,0,"HRNJAK Ethan"
"2708",45200,0,"MAWSON Greg"
"2709",45200,1,"REGAN Michael"
"2710",45200,0,"SORENSEN Susan"
"2711",45200,0,"WILLIAMS Toby"
"2712",45200,0,"WRIGHT Sue"
"2713",45300,0,"HRNJAK Ethan"
"2714",45300,0,"MAWSON Greg"
"2715",45300,1,"REGAN Michael"
"2716",45300,0,"SORENSEN Susan"
"2717",45300,0,"WILLIAMS Toby"
"2718",45300,0,"WRIGHT Sue"
"2719",45400,0,"HRNJAK Ethan"
"2720",45400,0,"MAWSON Greg"
"2721",45400,1,"REGAN Michael"
"2722",45400,0,"SORENSEN Susan"
"2723",45400,0,"WILLIAMS Toby"
"2724",45400,0,"WRIGHT Sue"
"2725",45500,0,"HRNJAK Ethan"
"2726",45500,0,"MAWSON Greg"
"2727",45500,1,"REGAN Michael"
"2728",45500,0,"SORENSEN Susan"
"2729",45500,0,"WILLIAMS Toby"
"2730",45500,0,"WRIGHT Sue"
"2731",45600,0,"HRNJAK Ethan"
"2732",45600,0,"MAWSON Greg"
"2733",45600,1,"REGAN Michael"
"2734",45600,0,"SORENSEN Susan"
"2735",45600,0,"WILLIAMS Toby"
"2736",45600,0,"WRIGHT Sue"
"2737",45700,0,"HRNJAK Ethan"
"2738",45700,0,"MAWSON Greg"
"2739",45700,1,"REGAN Michael"
"2740",45700,0,"SORENSEN Susan"
"2741",45700,0,"WILLIAMS Toby"
"2742",45700,0,"WRIGHT Sue"
"2743",45800,0,"HRNJAK Ethan"
"2744",45800,0,"MAWSON Greg"
"2745",45800,1,"REGAN Michael"
"2746",45800,0,"SORENSEN Susan"
"2747",45800,0,"WILLIAMS Toby"
"2748",45800,0,"WRIGHT Sue"
"2749",45900,0,"HRNJAK Ethan"
"2750",45900,0,"MAWSON Greg"
"2751",45900,1,"REGAN Michael"
"2752",45900,0,"SORENSEN Susan"
"2753",45900,0,"WILLIAMS Toby"
"2754",45900,0,"WRIGHT Sue"
"2755",46000,0,"HRNJAK Ethan"
"2756",46000,0,"MAWSON Greg"
"2757",46000,1,"REGAN Michael"
"2758",46000,0,"SORENSEN Susan"
"2759",46000,0,"WILLIAMS Toby"
"2760",46000,0,"WRIGHT Sue"
"2761",46100,0,"HRNJAK Ethan"
"2762",46100,0,"MAWSON Greg"
"2763",46100,1,"REGAN Michael"
"2764",46100,0,"SORENSEN Susan"
"2765",46100,0,"WILLIAMS Toby"
"2766",46100,0,"WRIGHT Sue"
"2767",46200,0,"HRNJAK Ethan"
"2768",46200,0,"MAWSON Greg"
"2769",46200,1,"REGAN Michael"
"2770",46200,0,"SORENSEN Susan"
"2771",46200,0,"WILLIAMS Toby"
"2772",46200,0,"WRIGHT Sue"
"2773",46300,0,"HRNJAK Ethan"
"2774",46300,0,"MAWSON Greg"
"2775",46300,1,"REGAN Michael"
"2776",46300,0,"SORENSEN Susan"
"2777",46300,0,"WILLIAMS Toby"
"2778",46300,0,"WRIGHT Sue"
"2779",46400,0,"HRNJAK Ethan"
"2780",46400,0,"MAWSON Greg"
"2781",46400,1,"REGAN Michael"
"2782",46400,0,"SORENSEN Susan"
"2783",46400,0,"WILLIAMS Toby"
"2784",46400,0,"WRIGHT Sue"
"2785",46500,0,"HRNJAK Ethan"
"2786",46500,0,"MAWSON Greg"
"2787",46500,1,"REGAN Michael"
"2788",46500,0,"SORENSEN Susan"
"2789",46500,0,"WILLIAMS Toby"
"2790",46500,0,"WRIGHT Sue"
"2791",46600,0,"HRNJAK Ethan"
"2792",46600,0,"MAWSON Greg"
"2793",46600,1,"REGAN Michael"
"2794",46600,0,"SORENSEN Susan"
"2795",46600,0,"WILLIAMS Toby"
"2796",46600,0,"WRIGHT Sue"
"2797",46700,0,"HRNJAK Ethan"
"2798",46700,0,"MAWSON Greg"
"2799",46700,1,"REGAN Michael"
"2800",46700,0,"SORENSEN Susan"
"2801",46700,0,"WILLIAMS Toby"
"2802",46700,0,"WRIGHT Sue"
"2803",46800,0,"HRNJAK Ethan"
"2804",46800,0,"MAWSON Greg"
"2805",46800,1,"REGAN Michael"
"2806",46800,0,"SORENSEN Susan"
"2807",46800,0,"WILLIAMS Toby"
"2808",46800,0,"WRIGHT Sue"
"2809",46900,0,"HRNJAK Ethan"
"2810",46900,0,"MAWSON Greg"
"2811",46900,1,"REGAN Michael"
"2812",46900,0,"SORENSEN Susan"
"2813",46900,0,"WILLIAMS Toby"
"2814",46900,0,"WRIGHT Sue"
"2815",47000,0,"HRNJAK Ethan"
"2816",47000,0,"MAWSON Greg"
"2817",47000,1,"REGAN Michael"
"2818",47000,0,"SORENSEN Susan"
"2819",47000,0,"WILLIAMS Toby"
"2820",47000,0,"WRIGHT Sue"
"2821",47100,0,"HRNJAK Ethan"
"2822",47100,0,"MAWSON Greg"
"2823",47100,1,"REGAN Michael"
"2824",47100,0,"SORENSEN Susan"
"2825",47100,0,"WILLIAMS Toby"
"2826",47100,0,"WRIGHT Sue"
"2827",47200,0,"HRNJAK Ethan"
"2828",47200,0,"MAWSON Greg"
"2829",47200,1,"REGAN Michael"
"2830",47200,0,"SORENSEN Susan"
"2831",47200,0,"WILLIAMS Toby"
"2832",47200,0,"WRIGHT Sue"
"2833",47300,0,"HRNJAK Ethan"
"2834",47300,0,"MAWSON Greg"
"2835",47300,1,"REGAN Michael"
"2836",47300,0,"SORENSEN Susan"
"2837",47300,0,"WILLIAMS Toby"
"2838",47300,0,"WRIGHT Sue"
"2839",47400,0,"HRNJAK Ethan"
"2840",47400,0,"MAWSON Greg"
"2841",47400,1,"REGAN Michael"
"2842",47400,0,"SORENSEN Susan"
"2843",47400,0,"WILLIAMS Toby"
"2844",47400,0,"WRIGHT Sue"
"2845",47500,0,"HRNJAK Ethan"
"2846",47500,0,"MAWSON Greg"
"2847",47500,1,"REGAN Michael"
"2848",47500,0,"SORENSEN Susan"
"2849",47500,0,"WILLIAMS Toby"
"2850",47500,0,"WRIGHT Sue"
"2851",47600,0,"HRNJAK Ethan"
"2852",47600,0,"MAWSON Greg"
"2853",47600,1,"REGAN Michael"
"2854",47600,0,"SORENSEN Susan"
"2855",47600,0,"WILLIAMS Toby"
"2856",47600,0,"WRIGHT Sue"
"2857",47700,0,"HRNJAK Ethan"
"2858",47700,0,"MAWSON Greg"
"2859",47700,1,"REGAN Michael"
"2860",47700,0,"SORENSEN Susan"
"2861",47700,0,"WILLIAMS Toby"
"2862",47700,0,"WRIGHT Sue"
"2863",47800,0,"HRNJAK Ethan"
"2864",47800,0,"MAWSON Greg"
"2865",47800,1,"REGAN Michael"
"2866",47800,0,"SORENSEN Susan"
"2867",47800,0,"WILLIAMS Toby"
"2868",47800,0,"WRIGHT Sue"
"2869",47900,0,"HRNJAK Ethan"
"2870",47900,0,"MAWSON Greg"
"2871",47900,1,"REGAN Michael"
"2872",47900,0,"SORENSEN Susan"
"2873",47900,0,"WILLIAMS Toby"
"2874",47900,0,"WRIGHT Sue"
"2875",48000,0,"HRNJAK Ethan"
"2876",48000,0,"MAWSON Greg"
"2877",48000,1,"REGAN Michael"
"2878",48000,0,"SORENSEN Susan"
"2879",48000,0,"WILLIAMS Toby"
"2880",48000,0,"WRIGHT Sue"
"2881",48100,0,"HRNJAK Ethan"
"2882",48100,0,"MAWSON Greg"
"2883",48100,1,"REGAN Michael"
"2884",48100,0,"SORENSEN Susan"
"2885",48100,0,"WILLIAMS Toby"
"2886",48100,0,"WRIGHT Sue"
"2887",48200,0,"HRNJAK Ethan"
"2888",48200,0,"MAWSON Greg"
"2889",48200,1,"REGAN Michael"
"2890",48200,0,"SORENSEN Susan"
"2891",48200,0,"WILLIAMS Toby"
"2892",48200,0,"WRIGHT Sue"
"2893",48300,0,"HRNJAK Ethan"
"2894",48300,0,"MAWSON Greg"
"2895",48300,1,"REGAN Michael"
"2896",48300,0,"SORENSEN Susan"
"2897",48300,0,"WILLIAMS Toby"
"2898",48300,0,"WRIGHT Sue"
"2899",48400,0,"HRNJAK Ethan"
"2900",48400,0,"MAWSON Greg"
"2901",48400,1,"REGAN Michael"
"2902",48400,0,"SORENSEN Susan"
"2903",48400,0,"WILLIAMS Toby"
"2904",48400,0,"WRIGHT Sue"
"2905",48500,0,"HRNJAK Ethan"
"2906",48500,0,"MAWSON Greg"
"2907",48500,1,"REGAN Michael"
"2908",48500,0,"SORENSEN Susan"
"2909",48500,0,"WILLIAMS Toby"
"2910",48500,0,"WRIGHT Sue"
"2911",48600,0,"HRNJAK Ethan"
"2912",48600,0,"MAWSON Greg"
"2913",48600,1,"REGAN Michael"
"2914",48600,0,"SORENSEN Susan"
"2915",48600,0,"WILLIAMS Toby"
"2916",48600,0,"WRIGHT Sue"
"2917",48700,0,"HRNJAK Ethan"
"2918",48700,0,"MAWSON Greg"
"2919",48700,1,"REGAN Michael"
"2920",48700,0,"SORENSEN Susan"
"2921",48700,0,"WILLIAMS Toby"
"2922",48700,0,"WRIGHT Sue"
"2923",48800,0,"HRNJAK Ethan"
"2924",48800,0,"MAWSON Greg"
"2925",48800,1,"REGAN Michael"
"2926",48800,0,"SORENSEN Susan"
"2927",48800,0,"WILLIAMS Toby"
"2928",48800,0,"WRIGHT Sue"
"2929",48900,0,"HRNJAK Ethan"
"2930",48900,0,"MAWSON Greg"
"2931",48900,1,"REGAN Michael"
"2932",48900,0,"SORENSEN Susan"
"2933",48900,0,"WILLIAMS Toby"
"2934",48900,0,"WRIGHT Sue"
"2935",49000,0,"HRNJAK Ethan"
"2936",49000,0,"MAWSON Greg"
"2937",49000,1,"REGAN Michael"
"2938",49000,0,"SORENSEN Susan"
"2939",49000,0,"WILLIAMS Toby"
"2940",49000,0,"WRIGHT Sue"
"2941",49100,0,"HRNJAK Ethan"
"2942",49100,0,"MAWSON Greg"
"2943",49100,1,"REGAN Michael"
"2944",49100,0,"SORENSEN Susan"
"2945",49100,0,"WILLIAMS Toby"
"2946",49100,0,"WRIGHT Sue"
"2947",49200,0,"HRNJAK Ethan"
"2948",49200,0,"MAWSON Greg"
"2949",49200,1,"REGAN Michael"
"2950",49200,0,"SORENSEN Susan"
"2951",49200,0,"WILLIAMS Toby"
"2952",49200,0,"WRIGHT Sue"
"2953",49300,0,"HRNJAK Ethan"
"2954",49300,0,"MAWSON Greg"
"2955",49300,1,"REGAN Michael"
"2956",49300,0,"SORENSEN Susan"
"2957",49300,0,"WILLIAMS Toby"
"2958",49300,0,"WRIGHT Sue"
"2959",49400,0,"HRNJAK Ethan"
"2960",49400,0,"MAWSON Greg"
"2961",49400,1,"REGAN Michael"
"2962",49400,0,"SORENSEN Susan"
"2963",49400,0,"WILLIAMS Toby"
"2964",49400,0,"WRIGHT Sue"
"2965",49500,0,"HRNJAK Ethan"
"2966",49500,0,"MAWSON Greg"
"2967",49500,1,"REGAN Michael"
"2968",49500,0,"SORENSEN Susan"
"2969",49500,0,"WILLIAMS Toby"
"2970",49500,0,"WRIGHT Sue"
"2971",49600,0,"HRNJAK Ethan"
"2972",49600,0,"MAWSON Greg"
"2973",49600,1,"REGAN Michael"
"2974",49600,0,"SORENSEN Susan"
"2975",49600,0,"WILLIAMS Toby"
"2976",49600,0,"WRIGHT Sue"
"2977",49700,0,"HRNJAK Ethan"
"2978",49700,0,"MAWSON Greg"
"2979",49700,1,"REGAN Michael"
"2980",49700,0,"SORENSEN Susan"
"2981",49700,0,"WILLIAMS Toby"
"2982",49700,0,"WRIGHT Sue"
"2983",49800,0,"HRNJAK Ethan"
"2984",49800,0,"MAWSON Greg"
"2985",49800,1,"REGAN Michael"
"2986",49800,0,"SORENSEN Susan"
"2987",49800,0,"WILLIAMS Toby"
"2988",49800,0,"WRIGHT Sue"
"2989",49900,0,"HRNJAK Ethan"
"2990",49900,0,"MAWSON Greg"
"2991",49900,1,"REGAN Michael"
"2992",49900,0,"SORENSEN Susan"
"2993",49900,0,"WILLIAMS Toby"
"2994",49900,0,"WRIGHT Sue"
"2995",50000,0,"HRNJAK Ethan"
"2996",50000,0,"MAWSON Greg"
"2997",50000,1,"REGAN Michael"
"2998",50000,0,"SORENSEN Susan"
"2999",50000,0,"WILLIAMS Toby"
"3000",50000,0,"WRIGHT Sue"
"3001",50100,0,"HRNJAK Ethan"
"3002",50100,0,"MAWSON Greg"
"3003",50100,1,"REGAN Michael"
"3004",50100,0,"SORENSEN Susan"
"3005",50100,0,"WILLIAMS Toby"
"3006",50100,0,"WRIGHT Sue"
"3007",50200,0,"HRNJAK Ethan"
"3008",50200,0,"MAWSON Greg"
"3009",50200,1,"REGAN Michael"
"3010",50200,0,"SORENSEN Susan"
"3011",50200,0,"WILLIAMS Toby"
"3012",50200,0,"WRIGHT Sue"
"3013",50300,0,"HRNJAK Ethan"
"3014",50300,0,"MAWSON Greg"
"3015",50300,1,"REGAN Michael"
"3016",50300,0,"SORENSEN Susan"
"3017",50300,0,"WILLIAMS Toby"
"3018",50300,0,"WRIGHT Sue"
"3019",50400,0,"HRNJAK Ethan"
"3020",50400,0,"MAWSON Greg"
"3021",50400,1,"REGAN Michael"
"3022",50400,0,"SORENSEN Susan"
"3023",50400,0,"WILLIAMS Toby"
"3024",50400,0,"WRIGHT Sue"
"3025",50500,0,"HRNJAK Ethan"
"3026",50500,0,"MAWSON Greg"
"3027",50500,1,"REGAN Michael"
"3028",50500,0,"SORENSEN Susan"
"3029",50500,0,"WILLIAMS Toby"
"3030",50500,0,"WRIGHT Sue"
"3031",50600,0,"HRNJAK Ethan"
"3032",50600,0,"MAWSON Greg"
"3033",50600,1,"REGAN Michael"
"3034",50600,0,"SORENSEN Susan"
"3035",50600,0,"WILLIAMS Toby"
"3036",50600,0,"WRIGHT Sue"
"3037",50700,0,"HRNJAK Ethan"
"3038",50700,0,"MAWSON Greg"
"3039",50700,1,"REGAN Michael"
"3040",50700,0,"SORENSEN Susan"
"3041",50700,0,"WILLIAMS Toby"
"3042",50700,0,"WRIGHT Sue"
"3043",50800,0,"HRNJAK Ethan"
"3044",50800,0,"MAWSON Greg"
"3045",50800,1,"REGAN Michael"
"3046",50800,0,"SORENSEN Susan"
"3047",50800,0,"WILLIAMS Toby"
"3048",50800,0,"WRIGHT Sue"
"3049",50900,0,"HRNJAK Ethan"
"3050",50900,0,"MAWSON Greg"
"3051",50900,1,"REGAN Michael"
"3052",50900,0,"SORENSEN Susan"
"3053",50900,0,"WILLIAMS Toby"
"3054",50900,0,"WRIGHT Sue"
"3055",51000,0,"HRNJAK Ethan"
"3056",51000,0,"MAWSON Greg"
"3057",51000,1,"REGAN Michael"
"3058",51000,0,"SORENSEN Susan"
"3059",51000,0,"WILLIAMS Toby"
"3060",51000,0,"WRIGHT Sue"
"3061",51100,0,"HRNJAK Ethan"
"3062",51100,0,"MAWSON Greg"
"3063",51100,1,"REGAN Michael"
"3064",51100,0,"SORENSEN Susan"
"3065",51100,0,"WILLIAMS Toby"
"3066",51100,0,"WRIGHT Sue"
"3067",51200,0,"HRNJAK Ethan"
"3068",51200,0,"MAWSON Greg"
"3069",51200,1,"REGAN Michael"
"3070",51200,0,"SORENSEN Susan"
"3071",51200,0,"WILLIAMS Toby"
"3072",51200,0,"WRIGHT Sue"
"3073",51300,0,"HRNJAK Ethan"
"3074",51300,0,"MAWSON Greg"
"3075",51300,1,"REGAN Michael"
"3076",51300,0,"SORENSEN Susan"
"3077",51300,0,"WILLIAMS Toby"
"3078",51300,0,"WRIGHT Sue"
